model_index,scenario,cys3_score,cys14_score,cys3_minus_cys14,cys3_higher,cys3_filter_pass,cys14_filter_pass,cys3_classified_positive,cys14_classified_positive,cys3_sasa_A2,cys14_sasa_A2,cys3_nearby_atoms,cys14_nearby_atoms
1,oxidized,0.6457402110099792,0.9726082682609558,-0.32686805725097656,False,False,False,False,False,50.61001045178037,37.01817163541193,12,13
1,reduction_assumption,0.7113962173461914,0.9795987606048584,-0.268202543258667,False,True,True,True,True,50.61001045178037,37.01817163541193,12,13
2,oxidized,0.6829654574394226,0.9726521372795105,-0.2896866798400879,False,False,False,False,False,31.588714131845364,57.27097227555413,21,11
2,reduction_assumption,0.744452714920044,0.9796317219734192,-0.23517900705337524,False,True,True,True,True,31.588714131845364,57.27097227555413,21,11
3,oxidized,0.7057151198387146,0.949268102645874,-0.24355298280715942,False,False,False,False,False,27.01246083311624,46.931205454426724,17,11
3,reduction_assumption,0.7643128633499146,0.9619821906089783,-0.19766932725906372,False,True,True,True,True,27.01246083311624,46.931205454426724,17,11
4,oxidized,0.9007535576820374,0.9481403231620789,-0.047386765480041504,False,False,False,False,False,30.691396730163788,38.989782824927325,18,17
4,reduction_assumption,0.9246613383293152,0.9611256718635559,-0.03646433353424072,False,True,True,True,True,30.691396730163788,38.989782824927325,18,17
5,oxidized,0.6740919351577759,0.9438359141349792,-0.26974397897720337,False,False,False,False,False,31.34746599598845,62.704880368713276,18,11
5,reduction_assumption,0.7366365790367126,0.9578511118888855,-0.22121453285217285,False,True,True,True,True,31.34746599598845,62.704880368713276,18,11
6,oxidized,0.7672933340072632,0.9673060774803162,-0.20001274347305298,False,False,False,False,False,34.37033262721133,56.9081183240645,14,9
6,reduction_assumption,0.8168123960494995,0.975615918636322,-0.1588035225868225,False,True,True,True,True,34.37033262721133,56.9081183240645,14,9
7,oxidized,0.8418047428131104,0.9509772062301636,-0.10917246341705322,False,False,False,False,False,22.46552906582061,62.108894062388515,20,11
7,reduction_assumption,0.8779893517494202,0.9632797241210938,-0.08529037237167358,False,True,True,True,True,22.46552906582061,62.108894062388515,20,11
8,oxidized,0.7436391711235046,0.9662505984306335,-0.2226114273071289,False,False,False,False,False,47.6757629133275,49.05112599713034,15,14
8,reduction_assumption,0.7968591451644897,0.9748216271400452,-0.17796248197555542,False,True,True,True,True,47.6757629133275,49.05112599713034,15,14
9,oxidized,0.7024300694465637,0.9674715399742126,-0.2650414705276489,False,False,False,False,False,35.4261695582053,48.24268948760657,16,11
9,reduction_assumption,0.7614607810974121,0.9757402539253235,-0.21427947282791138,False,True,True,True,True,35.4261695582053,48.24268948760657,16,11
10,oxidized,0.8438260555267334,0.9731602072715759,-0.12933415174484253,False,False,False,False,False,23.19765105380093,54.39418970272318,23,12
10,reduction_assumption,0.8796144723892212,0.9800127148628235,-0.1003982424736023,False,True,True,True,True,23.19765105380093,54.39418970272318,23,12
