start,stage,time_ps,pdb,ca_rmsd_from_prepared_A,cys3_score,cys14_score,difference,cys3_higher,geometry_pass,sg_distance_A,both_pass_filters,cys3_sasa_A2,cys14_sasa_A2,cys3_nearby_atoms,cys14_nearby_atoms
1,minimized,0,start_01/minimized_000ps.pdb,0.6911405229316046,0.8141655921936035,0.9892851710319519,-0.1751195788383484,False,True,5.662716388702393,True,82.69339452687224,48.826240323010865,8,15
1,equilibrated,20,start_01/equilibrated_020ps.pdb,1.1944150459897303,0.8433745503425598,0.987326443195343,-0.1439518928527832,False,True,6.816160202026367,True,81.37366381297673,50.25330878590404,10,16
1,production,30,start_01/production_030ps.pdb,0.9954352778400082,0.8698707222938538,0.9826739430427551,-0.11280322074890137,False,True,5.7322163581848145,True,92.54241839557014,57.11009655175155,8,14
1,production,40,start_01/production_040ps.pdb,1.6840151441084694,0.9493829011917114,0.9871112704277039,-0.03772836923599243,False,True,3.715804100036621,True,74.0510040365406,70.58438744299818,10,10
1,production,50,start_01/production_050ps.pdb,1.3608865195700668,0.8094342947006226,0.994933545589447,-0.18549925088882446,False,True,4.711607933044434,True,85.54137916704528,80.10550757847764,9,11
1,production,60,start_01/production_060ps.pdb,1.3005421293779762,0.7468613982200623,0.9792361855506897,-0.23237478733062744,False,True,4.624943256378174,True,83.6916355925504,74.92331959668738,9,14
1,production,70,start_01/production_070ps.pdb,1.025772388349284,0.8258184194564819,0.9820361733436584,-0.1562177538871765,False,True,4.179754734039307,True,77.54209887284227,72.07337146110584,9,12
1,production,80,start_01/production_080ps.pdb,1.0098475723330287,0.8023933172225952,0.9731521010398865,-0.17075878381729126,False,True,3.653966188430786,True,72.32273537798453,62.37488224039245,9,12
1,production,90,start_01/production_090ps.pdb,1.110437186349269,0.8238732218742371,0.9748123288154602,-0.15093910694122314,False,True,3.7171859741210938,True,67.42918122124283,70.12663121343137,9,11
1,production,100,start_01/production_100ps.pdb,1.4217314185082393,0.8235943913459778,0.9807865023612976,-0.15719211101531982,False,True,4.662539958953857,True,75.69444969344977,83.1637171270534,10,9
1,production,110,start_01/production_110ps.pdb,2.1726723596329935,0.9475486874580383,0.9924323558807373,-0.044883668422698975,False,True,7.35331916809082,True,88.58296445449581,79.81661195404128,8,8
1,production,120,start_01/production_120ps.pdb,2.411169691453115,0.914588451385498,0.9834476709365845,-0.06885921955108643,False,True,9.265419006347656,True,94.28089723025039,99.22602586638853,8,7
2,minimized,0,start_02/minimized_000ps.pdb,0.7495168095832744,0.7865274548530579,0.988323450088501,-0.20179599523544312,False,True,4.47035551071167,True,57.58041915193272,71.14110384115307,16,10
2,equilibrated,20,start_02/equilibrated_020ps.pdb,1.2703831282144014,0.9193297028541565,0.9922385811805725,-0.07290887832641602,False,True,6.823559761047363,True,48.03050108379535,78.78145717468345,18,9
2,production,30,start_02/production_030ps.pdb,1.9924753823334465,0.9267657399177551,0.9891111254692078,-0.06234538555145264,False,True,8.466340065002441,True,78.23521275204052,81.97580240491477,9,9
2,production,40,start_02/production_040ps.pdb,2.3608857197907946,0.9359257817268372,0.993750274181366,-0.05782449245452881,False,True,5.5996527671813965,True,69.85043285930325,77.66998787378216,13,6
2,production,50,start_02/production_050ps.pdb,2.393111248245921,0.9550818204879761,0.9932138919830322,-0.03813207149505615,False,True,4.540105819702148,True,72.1126413692757,77.49458228395673,11,9
2,production,60,start_02/production_060ps.pdb,2.5372784099845966,0.9070579409599304,0.9903664588928223,-0.08330851793289185,False,True,4.27467155456543,True,62.99783388366052,63.10464803388258,11,9
2,production,70,start_02/production_070ps.pdb,2.5359592150511725,0.9238184690475464,0.9857209920883179,-0.061902523040771484,False,True,4.470620632171631,True,71.55173618091604,48.14359841932459,11,12
2,production,80,start_02/production_080ps.pdb,2.935575926590944,0.9623933434486389,0.9553552865982056,0.00703805685043335,True,True,5.253905773162842,True,82.67716296482868,48.203681378824484,9,18
2,production,90,start_02/production_090ps.pdb,2.7525905569589106,0.9184627532958984,0.9688720107078552,-0.05040925741195679,False,True,7.157878398895264,True,89.68239098355832,52.07019653723013,9,17
2,production,100,start_02/production_100ps.pdb,3.1754085584837655,0.8254494667053223,0.9806081056594849,-0.1551586389541626,False,True,11.14078426361084,True,78.99207478216786,68.93269510537334,9,14
2,production,110,start_02/production_110ps.pdb,2.916145167637059,0.8894263505935669,0.9617144465446472,-0.07228809595108032,False,True,8.198606491088867,True,84.87955031468903,59.33944923855521,10,19
2,production,120,start_02/production_120ps.pdb,3.3186987331368987,0.806942343711853,0.9649229645729065,-0.15798062086105347,False,True,10.863295555114746,True,84.55374097657298,66.67873327611656,9,13
3,minimized,0,start_03/minimized_000ps.pdb,0.559128374300619,0.8417812585830688,0.9847449660301208,-0.142963707447052,False,True,3.6402060985565186,True,48.58695568256245,51.17510443034483,14,12
3,equilibrated,20,start_03/equilibrated_020ps.pdb,0.9281002961470224,0.8815938830375671,0.9850755929946899,-0.1034817099571228,False,True,5.829872131347656,True,58.642277468846075,64.4204517569611,15,11
3,production,30,start_03/production_030ps.pdb,0.8130112620975891,0.8114120364189148,0.975641667842865,-0.1642296314239502,False,True,4.0963616371154785,True,53.55904965564389,50.15644301241835,18,14
3,production,40,start_03/production_040ps.pdb,1.1937089474995042,0.8356260657310486,0.9907625317573547,-0.15513646602630615,False,True,4.0014753341674805,True,54.38594302200751,44.908150685208795,16,14
3,production,50,start_03/production_050ps.pdb,1.4053428923027476,0.801845908164978,0.9863894581794739,-0.18454355001449585,False,True,4.162327766418457,True,65.1629148207595,52.95272227350107,13,13
3,production,60,start_03/production_060ps.pdb,1.6772366625274084,0.8568150997161865,0.9884834885597229,-0.13166838884353638,False,True,3.818944215774536,True,55.18194406061082,60.3581106564817,17,13
3,production,70,start_03/production_070ps.pdb,2.1812079440968826,0.7806763052940369,0.9879945516586304,-0.2073182463645935,False,True,4.452394008636475,True,59.576508584207346,52.781636373574315,16,17
3,production,80,start_03/production_080ps.pdb,2.010687218270652,0.854426383972168,0.989676296710968,-0.13524991273880005,False,True,4.613336563110352,True,68.56552146398504,67.73443930741664,14,11
3,production,90,start_03/production_090ps.pdb,2.0561585389713426,0.8054578900337219,0.9862784743309021,-0.18082058429718018,False,True,3.834791898727417,True,57.61340587479542,51.67213056808153,17,14
3,production,100,start_03/production_100ps.pdb,2.0806461803914185,0.942221462726593,0.992664098739624,-0.050442636013031006,False,True,4.750441551208496,True,56.67917475943415,41.21062703162751,18,16
3,production,110,start_03/production_110ps.pdb,2.0742424305936797,0.8465616106987,0.9960179924964905,-0.14945638179779053,False,True,4.662197589874268,True,55.9244071244092,44.57802165719407,19,15
3,production,120,start_03/production_120ps.pdb,2.0503610046218435,0.8279724717140198,0.9898567199707031,-0.16188424825668335,False,True,4.4910783767700195,True,69.89768764880101,31.95340067904959,12,18
4,minimized,0,start_04/minimized_000ps.pdb,0.8442382749867617,0.965043306350708,0.9770103693008423,-0.011967062950134277,False,True,3.6724939346313477,True,44.11005525150309,40.22717763136,16,16
4,equilibrated,20,start_04/equilibrated_020ps.pdb,1.2918241969469297,0.9885765910148621,0.9969822764396667,-0.008405685424804688,False,True,7.285038471221924,True,59.41982165060955,59.01743599156226,15,8
4,production,30,start_04/production_030ps.pdb,1.2209910208330055,0.9324359893798828,0.9967775940895081,-0.06434160470962524,False,True,7.049493312835693,True,62.26361750057781,80.0848254268415,16,8
4,production,40,start_04/production_040ps.pdb,1.1731848431309226,0.9484069347381592,0.9968860745429993,-0.04847913980484009,False,True,7.218556880950928,True,60.859194684729275,56.30990672294345,16,11
4,production,50,start_04/production_050ps.pdb,1.282420888878584,0.9543161392211914,0.9959098100662231,-0.04159367084503174,False,True,8.33415699005127,True,60.24056273135989,48.73565773483236,17,15
4,production,60,start_04/production_060ps.pdb,1.226595278543078,0.9469748139381409,0.9973426461219788,-0.05036783218383789,False,True,7.204296588897705,True,65.45992622621762,58.22352934806134,14,8
4,production,70,start_04/production_070ps.pdb,1.1575123672407017,0.9691042304039001,0.99620121717453,-0.027096986770629883,False,True,8.464272499084473,True,62.23874655873689,66.16717727235702,14,7
4,production,80,start_04/production_080ps.pdb,1.3572189339007674,0.977970540523529,0.9964621663093567,-0.018491625785827637,False,True,8.405965805053711,True,61.44902870544075,72.74973017948494,17,7
4,production,90,start_04/production_090ps.pdb,1.2410419755788091,0.9761130213737488,0.9948739409446716,-0.01876091957092285,False,True,7.128266334533691,True,82.1222791623884,45.943305464566635,9,12
4,production,100,start_04/production_100ps.pdb,1.475872961294255,0.9529756307601929,0.9957017302513123,-0.042726099491119385,False,True,6.445556163787842,True,82.11612687677511,61.11261649211885,10,8
4,production,110,start_04/production_110ps.pdb,1.410751023332218,0.8815774321556091,0.9969327449798584,-0.11535531282424927,False,True,4.8104681968688965,True,47.29419030561024,64.04293703975473,18,9
4,production,120,start_04/production_120ps.pdb,1.4871277665484504,0.9389076232910156,0.9953287839889526,-0.05642116069793701,False,True,4.9695963859558105,True,59.747725383827984,69.33246277054265,14,7
5,minimized,0,start_05/minimized_000ps.pdb,0.7144328238615465,0.8088144063949585,0.9613458514213562,-0.1525314450263977,False,True,4.283658027648926,True,54.82943118493927,55.46861439025089,13,13
5,equilibrated,20,start_05/equilibrated_020ps.pdb,1.0074648599751044,0.8472694158554077,0.9606466889381409,-0.11337727308273315,False,True,4.702046871185303,True,61.4985087897348,55.839845922150076,11,14
5,production,30,start_05/production_030ps.pdb,0.9892236041888357,0.8529378771781921,0.9516997337341309,-0.09876185655593872,False,True,4.562708854675293,True,61.26131854438877,65.0681434423762,12,13
5,production,40,start_05/production_040ps.pdb,0.9591643334415846,0.8514871597290039,0.9644711017608643,-0.11298394203186035,False,True,5.333649635314941,True,50.08641167618207,75.82652748459444,15,12
5,production,50,start_05/production_050ps.pdb,1.2569869577950805,0.8817359805107117,0.974968433380127,-0.09323245286941528,False,True,4.3031816482543945,True,68.02935631777238,55.63564239966675,13,14
5,production,60,start_05/production_060ps.pdb,1.0774099313819254,0.9322848916053772,0.9960162043571472,-0.06373131275177002,False,True,3.8448781967163086,True,58.78679073091121,64.02461108260879,13,11
5,production,70,start_05/production_070ps.pdb,1.0979893882891962,0.803536057472229,0.9903869032859802,-0.18685084581375122,False,True,4.700162410736084,True,51.07418076634826,74.09629533062987,18,11
5,production,80,start_05/production_080ps.pdb,1.4310426949909283,0.8661054372787476,0.9725454449653625,-0.10644000768661499,False,True,4.528848648071289,True,57.54730152937613,57.82153638809574,11,12
5,production,90,start_05/production_090ps.pdb,1.3200033078534554,0.9098252654075623,0.9805849194526672,-0.07075965404510498,False,True,3.851755380630493,True,44.349339891951516,67.02090507597005,17,10
5,production,100,start_05/production_100ps.pdb,1.631351365281959,0.9411028623580933,0.9876484870910645,-0.04654562473297119,False,True,3.462961196899414,True,37.86391455769708,71.38863516231716,17,8
5,production,110,start_05/production_110ps.pdb,1.7215349688338724,0.9193664193153381,0.9922246932983398,-0.07285827398300171,False,True,4.837662696838379,True,52.76736830693926,75.78725757642458,14,7
5,production,120,start_05/production_120ps.pdb,1.8349302085782564,0.9224452376365662,0.9881258010864258,-0.06568056344985962,False,True,3.86248779296875,True,35.7955684943899,71.67321109685484,17,8
6,minimized,0,start_06/minimized_000ps.pdb,0.6206851452800645,0.9323251843452454,0.9891201257705688,-0.056794941425323486,False,True,5.764432430267334,True,48.463255471827345,86.09207417928079,14,10
6,equilibrated,20,start_06/equilibrated_020ps.pdb,1.5031535936331757,0.9845007658004761,0.9972372055053711,-0.01273643970489502,False,True,7.225160121917725,True,21.73955936345357,89.06991131580222,18,11
6,production,30,start_06/production_030ps.pdb,1.5911874717251693,0.9313697814941406,0.9955452680587769,-0.06417548656463623,False,True,7.303514003753662,True,37.10679072818195,86.50859700526925,16,9
6,production,40,start_06/production_040ps.pdb,2.036816747928175,0.836100161075592,0.9947123527526855,-0.1586121916770935,False,True,7.19027853012085,True,52.847348019911905,82.10997459116183,14,9
6,production,50,start_06/production_050ps.pdb,1.7208286224063447,0.8105416893959045,0.996796190738678,-0.18625450134277344,False,True,7.943857669830322,True,47.29392850622245,76.02038993125971,14,9
6,production,60,start_06/production_060ps.pdb,2.1427088417006086,0.9500752687454224,0.9972353577613831,-0.04716008901596069,False,True,9.210150718688965,True,48.403434311715245,60.70879093643866,12,14
6,production,70,start_06/production_070ps.pdb,1.8693298108945073,0.9638104438781738,0.9962928891181946,-0.03248244524002075,False,True,9.24970531463623,True,55.220952169392895,43.17818033063202,13,20
6,production,80,start_06/production_080ps.pdb,1.9727902341747803,0.9385149478912354,0.9941731095314026,-0.055658161640167236,False,True,8.15967082977295,True,39.00195649645999,89.96683601840212,17,6
6,production,90,start_06/production_090ps.pdb,1.8746664151915005,0.9114730358123779,0.9952794313430786,-0.08380639553070068,False,True,8.133650779724121,True,34.79300773881306,59.46733823949509,15,17
6,production,100,start_06/production_100ps.pdb,1.7241224643828277,0.9806344509124756,0.9966073036193848,-0.01597285270690918,False,True,8.752655029296875,True,43.74903389572807,48.28824258108361,12,21
6,production,110,start_06/production_110ps.pdb,1.6201471965522227,0.9520546793937683,0.9938312768936157,-0.04177659749984741,False,True,9.252445220947266,True,48.852943860566384,64.01243741107612,13,18
6,production,120,start_06/production_120ps.pdb,1.3548593465098802,0.9209335446357727,0.9932524561882019,-0.0723189115524292,False,True,7.678335189819336,True,50.57702372891768,89.34205177941944,13,9
7,minimized,0,start_07/minimized_000ps.pdb,0.6992682027457922,0.8974273800849915,0.9496514201164246,-0.052224040031433105,False,True,3.683419942855835,True,61.21799074570801,66.32399510564872,11,13
7,equilibrated,20,start_07/equilibrated_020ps.pdb,0.9600842049006301,0.9290041327476501,0.9742704629898071,-0.04526633024215698,False,True,5.678075790405273,True,79.25177977486462,60.44476625384322,9,13
7,production,30,start_07/production_030ps.pdb,1.150307105978975,0.9563711881637573,0.9904924035072327,-0.03412121534347534,False,True,3.829066514968872,True,43.85846603982811,46.61377369672026,20,18
7,production,40,start_07/production_040ps.pdb,1.1204734795723184,0.9797466993331909,0.9916184544563293,-0.011871755123138428,False,True,5.510993003845215,True,52.127923302239836,68.30372207618589,16,10
7,production,50,start_07/production_050ps.pdb,1.5270381195327465,0.9178193211555481,0.9703049063682556,-0.05248558521270752,False,True,4.3086934089660645,True,55.27671543899411,75.96056877114762,12,13
7,production,60,start_07/production_060ps.pdb,1.7965181175823934,0.9296399354934692,0.9832216501235962,-0.05358171463012695,False,True,5.8080525398254395,True,53.325786401114854,75.46354263341092,11,10
7,production,70,start_07/production_070ps.pdb,1.8978585660345948,0.9923721551895142,0.9790661931037903,0.013305962085723877,True,True,6.402474403381348,True,62.03467393594745,85.33115425864256,16,10
7,production,80,start_07/production_080ps.pdb,2.0883961453055657,0.9814648032188416,0.9314132928848267,0.05005151033401489,True,True,4.903965950012207,True,83.68129451673232,69.72869614397666,10,16
7,production,90,start_07/production_090ps.pdb,1.947229455473307,0.964834988117218,0.9910298585891724,-0.026194870471954346,False,True,5.841458320617676,True,81.24381131662834,97.25677087136332,10,6
7,production,100,start_07/production_100ps.pdb,2.2678900078345667,0.9631785154342651,0.9682460427284241,-0.0050675272941589355,False,True,5.949509143829346,True,77.41015198139151,87.86340883712984,9,9
7,production,110,start_07/production_110ps.pdb,2.517525226574594,0.9160964488983154,0.971622884273529,-0.05552643537521362,False,True,6.729317665100098,True,83.73902128174204,88.42025613497863,10,9
7,production,120,start_07/production_120ps.pdb,2.2183829839287936,0.9623094201087952,0.9665116667747498,-0.00420224666595459,False,True,4.425438404083252,True,82.10997459116183,60.6344399103037,10,16
8,minimized,0,start_08/minimized_000ps.pdb,0.8938991453843563,0.8308087587356567,0.9750412106513977,-0.14423245191574097,False,True,3.630632162094116,True,39.13416518729855,63.26984344758384,18,9
8,equilibrated,20,start_08/equilibrated_020ps.pdb,1.1805935595508659,0.8567029237747192,0.9969614148139954,-0.14025849103927612,False,True,4.290852069854736,True,50.645353369133254,64.16048496487656,17,7
8,production,30,start_08/production_030ps.pdb,1.1895949352184645,0.7976020574569702,0.9959554672241211,-0.19835340976715088,False,True,5.872132778167725,True,58.508367081986805,71.23783871494487,16,7
8,production,40,start_08/production_040ps.pdb,1.0851933315877245,0.8911483287811279,0.9973676800727844,-0.1062193512916565,False,True,6.987691879272461,True,61.43881852931659,90.247223162735,16,6
8,production,50,start_08/production_050ps.pdb,1.0017770652470035,0.7733072638511658,0.9958362579345703,-0.22252899408340454,False,True,5.785569667816162,True,64.01230651138222,72.89790863297927,11,6
8,production,60,start_08/production_060ps.pdb,1.0779144833826886,0.8014920949935913,0.994579553604126,-0.19308745861053467,False,True,5.26438045501709,True,59.551899441754216,64.4841999078902,15,7
8,production,70,start_08/production_070ps.pdb,1.2118477718463605,0.9505339860916138,0.9957984089851379,-0.04526442289352417,False,True,5.720032215118408,True,64.81027104539403,64.89064345744838,11,12
8,production,80,start_08/production_080ps.pdb,1.2077284960948664,0.8541675806045532,0.9945691823959351,-0.14040160179138184,False,True,4.903205871582031,True,54.629416452660706,64.48223641248171,15,10
8,production,90,start_08/production_090ps.pdb,1.2313936270044008,0.7988247275352478,0.9919716119766235,-0.19314688444137573,False,True,4.667289733886719,True,47.533344046364775,58.881300309906706,16,10
8,production,100,start_08/production_100ps.pdb,1.2245935505741825,0.6893849968910217,0.9921878576278687,-0.3028028607368469,False,True,4.554351329803467,True,47.11066893476304,64.70489679180488,18,8
8,production,110,start_08/production_110ps.pdb,1.2166373362269913,0.8957984447479248,0.995306670665741,-0.09950822591781616,False,True,4.894652366638184,True,52.73843947458745,66.77324285511207,17,8
8,production,120,start_08/production_120ps.pdb,1.4100913435558744,0.6529154181480408,0.9927527904510498,-0.33983737230300903,False,True,5.080453395843506,True,45.58869819379269,67.2867623542801,19,7
9,minimized,0,start_09/minimized_000ps.pdb,0.6641943661609643,0.8996356725692749,0.9867932200431824,-0.08715754747390747,False,True,5.331560134887695,True,62.288226643030924,78.36087645818411,16,10
9,equilibrated,20,start_09/equilibrated_020ps.pdb,1.4173762861823658,0.5865315198898315,0.9916375279426575,-0.4051060080528259,False,True,5.1233086585998535,True,62.762476234029094,58.71230880508235,12,10
9,production,30,start_09/production_030ps.pdb,1.4682364348799937,0.6391674876213074,0.9878673553466797,-0.3486998677253723,False,True,5.059997081756592,True,60.63221461550741,53.259943855083364,11,12
9,production,40,start_09/production_040ps.pdb,1.5528884065671111,0.7356200814247131,0.9931507110595703,-0.2575306296348572,False,True,5.40882682800293,True,62.95424428559197,54.42508203048348,12,13
9,production,50,start_09/production_050ps.pdb,1.4076126766874764,0.7229231595993042,0.9909274578094482,-0.26800429821014404,False,True,5.2383599281311035,True,55.194248631837375,57.802948631562,15,12
9,production,60,start_09/production_060ps.pdb,1.6487175261561413,0.8795480132102966,0.9781986474990845,-0.09865063428878784,False,True,6.668428897857666,True,57.076978929194965,71.25053598525311,13,12
9,production,70,start_09/production_070ps.pdb,1.7738605135595624,0.8400281071662903,0.9805001020431519,-0.14047199487686157,False,True,6.15675687789917,True,50.5398482158502,68.76972498646838,14,10
9,production,80,start_09/production_080ps.pdb,1.8403200497953294,0.8856388330459595,0.9907051920890808,-0.10506635904312134,False,True,5.293949604034424,True,42.592142401043624,65.11552913156784,17,11
9,production,90,start_09/production_090ps.pdb,1.879512629375615,0.9277176856994629,0.9885501265525818,-0.060832440853118896,False,True,5.44872522354126,True,48.71065589329755,61.941735153278756,15,11
9,production,100,start_09/production_100ps.pdb,1.8670689765574602,0.8889933824539185,0.9625998139381409,-0.07360643148422241,False,True,6.090094089508057,True,47.83834033315078,69.68733184070439,13,10
9,production,110,start_09/production_110ps.pdb,1.8681737512527026,0.883379340171814,0.9860230684280396,-0.10264372825622559,False,True,4.9787139892578125,True,53.30104635896783,50.74195734323114,13,13
9,production,120,start_09/production_120ps.pdb,1.7712866795424314,0.9325907230377197,0.9812584519386292,-0.048667728900909424,False,True,6.202255725860596,True,47.51253099503474,74.66138930919433,14,8
10,minimized,0,start_10/minimized_000ps.pdb,0.8174952485036205,0.9700571298599243,0.9938220977783203,-0.023764967918395996,False,True,5.527698516845703,True,52.80441292031284,88.15623145238318,13,6
10,equilibrated,20,start_10/equilibrated_020ps.pdb,1.7085720095520807,0.9415681958198547,0.9814910888671875,-0.039922893047332764,False,True,4.336701393127441,True,25.766950245661786,59.23394408527216,19,10
10,production,30,start_10/production_030ps.pdb,2.0124426635493498,0.9770532846450806,0.9721719026565552,0.004881381988525391,True,True,4.02744197845459,True,37.72359008583673,52.92169904604686,20,12
10,production,40,start_10/production_040ps.pdb,2.0133378201661016,0.9797075986862183,0.9785511493682861,0.001156449317932129,True,True,4.790520668029785,True,29.755333019087928,59.813437030165574,23,10
10,production,50,start_10/production_050ps.pdb,2.1731627347115183,0.9848850965499878,0.9836474061012268,0.0012376904487609863,True,True,4.499852657318115,True,41.56549610178925,58.658639930583526,19,9
10,production,60,start_10/production_060ps.pdb,2.5808263072932265,0.9737312197685242,0.9859486818313599,-0.012217462062835693,False,True,3.8346316814422607,True,62.82242829383509,43.429376843225306,11,12
10,production,70,start_10/production_070ps.pdb,2.539918320613227,0.9738871455192566,0.9757023453712463,-0.001815199851989746,False,True,3.454458236694336,True,58.34343346767334,47.916749249796624,12,11
10,production,80,start_10/production_080ps.pdb,2.840362499095024,0.9776158928871155,0.9863203167915344,-0.008704423904418945,False,True,5.158134937286377,True,61.72535795926275,57.22947707258797,14,8
10,production,90,start_10/production_090ps.pdb,2.6874402688680163,0.9579335451126099,0.9902220964431763,-0.032288551330566406,False,True,4.873637676239014,True,50.909247152034794,52.63908660691769,16,10
10,production,100,start_10/production_100ps.pdb,2.5911062970281917,0.9527992010116577,0.9763708114624023,-0.02357161045074463,False,True,4.327047824859619,True,43.09767701888377,48.283791991491036,17,11
10,production,110,start_10/production_110ps.pdb,2.915299325930522,0.9640493392944336,0.9607955813407898,0.003253757953643799,True,True,3.8244245052337646,True,41.17986560356111,57.8647332870826,15,9
10,production,120,start_10/production_120ps.pdb,3.380635003207839,0.9536388516426086,0.9761872887611389,-0.022548437118530273,False,True,6.30344295501709,True,77.14638909818385,83.61519017131305,9,8
