candidate_id,track,sequence,modified_sequence,position_1based,prediction_score,rank_within_snapshot,structure_file,model_version,model_sha256,run_version,remarks
2mi1_start01_t030_C3,未指定（案例复核）,AGCKNFFWKTFTSC,Ac-AGCKNFFWKTFTSC-NH2,3,0.8698707222938538,2,results/2mi1_reduced_capped_ph75_20260924/start_01/production_030ps.pdb,part2-20260924-v1,cbd6d0cba08d88f651c50408195bd6dacb4a41224dc2a1e87ef859185fcc77ec,2mi1-reduced-md-ph75-v1,"Existing-site case, not new candidate design; related training fragments; score is not efficiency"
2mi1_start01_t030_C14,未指定（案例复核）,AGCKNFFWKTFTSC,Ac-AGCKNFFWKTFTSC-NH2,14,0.9826739430427551,1,results/2mi1_reduced_capped_ph75_20260924/start_01/production_030ps.pdb,part2-20260924-v1,cbd6d0cba08d88f651c50408195bd6dacb4a41224dc2a1e87ef859185fcc77ec,2mi1-reduced-md-ph75-v1,"Existing-site case, not new candidate design; related training fragments; score is not efficiency"
2mi1_start01_t040_C3,未指定（案例复核）,AGCKNFFWKTFTSC,Ac-AGCKNFFWKTFTSC-NH2,3,0.9493829011917114,2,results/2mi1_reduced_capped_ph75_20260924/start_01/production_040ps.pdb,part2-20260924-v1,cbd6d0cba08d88f651c50408195bd6dacb4a41224dc2a1e87ef859185fcc77ec,2mi1-reduced-md-ph75-v1,"Existing-site case, not new candidate design; related training fragments; score is not efficiency"
2mi1_start01_t040_C14,未指定（案例复核）,AGCKNFFWKTFTSC,Ac-AGCKNFFWKTFTSC-NH2,14,0.9871112704277039,1,results/2mi1_reduced_capped_ph75_20260924/start_01/production_040ps.pdb,part2-20260924-v1,cbd6d0cba08d88f651c50408195bd6dacb4a41224dc2a1e87ef859185fcc77ec,2mi1-reduced-md-ph75-v1,"Existing-site case, not new candidate design; related training fragments; score is not efficiency"
2mi1_start01_t050_C3,未指定（案例复核）,AGCKNFFWKTFTSC,Ac-AGCKNFFWKTFTSC-NH2,3,0.8094342947006226,2,results/2mi1_reduced_capped_ph75_20260924/start_01/production_050ps.pdb,part2-20260924-v1,cbd6d0cba08d88f651c50408195bd6dacb4a41224dc2a1e87ef859185fcc77ec,2mi1-reduced-md-ph75-v1,"Existing-site case, not new candidate design; related training fragments; score is not efficiency"
2mi1_start01_t050_C14,未指定（案例复核）,AGCKNFFWKTFTSC,Ac-AGCKNFFWKTFTSC-NH2,14,0.994933545589447,1,results/2mi1_reduced_capped_ph75_20260924/start_01/production_050ps.pdb,part2-20260924-v1,cbd6d0cba08d88f651c50408195bd6dacb4a41224dc2a1e87ef859185fcc77ec,2mi1-reduced-md-ph75-v1,"Existing-site case, not new candidate design; related training fragments; score is not efficiency"
2mi1_start01_t060_C3,未指定（案例复核）,AGCKNFFWKTFTSC,Ac-AGCKNFFWKTFTSC-NH2,3,0.7468613982200623,2,results/2mi1_reduced_capped_ph75_20260924/start_01/production_060ps.pdb,part2-20260924-v1,cbd6d0cba08d88f651c50408195bd6dacb4a41224dc2a1e87ef859185fcc77ec,2mi1-reduced-md-ph75-v1,"Existing-site case, not new candidate design; related training fragments; score is not efficiency"
2mi1_start01_t060_C14,未指定（案例复核）,AGCKNFFWKTFTSC,Ac-AGCKNFFWKTFTSC-NH2,14,0.9792361855506897,1,results/2mi1_reduced_capped_ph75_20260924/start_01/production_060ps.pdb,part2-20260924-v1,cbd6d0cba08d88f651c50408195bd6dacb4a41224dc2a1e87ef859185fcc77ec,2mi1-reduced-md-ph75-v1,"Existing-site case, not new candidate design; related training fragments; score is not efficiency"
2mi1_start01_t070_C3,未指定（案例复核）,AGCKNFFWKTFTSC,Ac-AGCKNFFWKTFTSC-NH2,3,0.8258184194564819,2,results/2mi1_reduced_capped_ph75_20260924/start_01/production_070ps.pdb,part2-20260924-v1,cbd6d0cba08d88f651c50408195bd6dacb4a41224dc2a1e87ef859185fcc77ec,2mi1-reduced-md-ph75-v1,"Existing-site case, not new candidate design; related training fragments; score is not efficiency"
2mi1_start01_t070_C14,未指定（案例复核）,AGCKNFFWKTFTSC,Ac-AGCKNFFWKTFTSC-NH2,14,0.9820361733436584,1,results/2mi1_reduced_capped_ph75_20260924/start_01/production_070ps.pdb,part2-20260924-v1,cbd6d0cba08d88f651c50408195bd6dacb4a41224dc2a1e87ef859185fcc77ec,2mi1-reduced-md-ph75-v1,"Existing-site case, not new candidate design; related training fragments; score is not efficiency"
2mi1_start01_t080_C3,未指定（案例复核）,AGCKNFFWKTFTSC,Ac-AGCKNFFWKTFTSC-NH2,3,0.8023933172225952,2,results/2mi1_reduced_capped_ph75_20260924/start_01/production_080ps.pdb,part2-20260924-v1,cbd6d0cba08d88f651c50408195bd6dacb4a41224dc2a1e87ef859185fcc77ec,2mi1-reduced-md-ph75-v1,"Existing-site case, not new candidate design; related training fragments; score is not efficiency"
2mi1_start01_t080_C14,未指定（案例复核）,AGCKNFFWKTFTSC,Ac-AGCKNFFWKTFTSC-NH2,14,0.9731521010398865,1,results/2mi1_reduced_capped_ph75_20260924/start_01/production_080ps.pdb,part2-20260924-v1,cbd6d0cba08d88f651c50408195bd6dacb4a41224dc2a1e87ef859185fcc77ec,2mi1-reduced-md-ph75-v1,"Existing-site case, not new candidate design; related training fragments; score is not efficiency"
2mi1_start01_t090_C3,未指定（案例复核）,AGCKNFFWKTFTSC,Ac-AGCKNFFWKTFTSC-NH2,3,0.8238732218742371,2,results/2mi1_reduced_capped_ph75_20260924/start_01/production_090ps.pdb,part2-20260924-v1,cbd6d0cba08d88f651c50408195bd6dacb4a41224dc2a1e87ef859185fcc77ec,2mi1-reduced-md-ph75-v1,"Existing-site case, not new candidate design; related training fragments; score is not efficiency"
2mi1_start01_t090_C14,未指定（案例复核）,AGCKNFFWKTFTSC,Ac-AGCKNFFWKTFTSC-NH2,14,0.9748123288154602,1,results/2mi1_reduced_capped_ph75_20260924/start_01/production_090ps.pdb,part2-20260924-v1,cbd6d0cba08d88f651c50408195bd6dacb4a41224dc2a1e87ef859185fcc77ec,2mi1-reduced-md-ph75-v1,"Existing-site case, not new candidate design; related training fragments; score is not efficiency"
2mi1_start01_t100_C3,未指定（案例复核）,AGCKNFFWKTFTSC,Ac-AGCKNFFWKTFTSC-NH2,3,0.8235943913459778,2,results/2mi1_reduced_capped_ph75_20260924/start_01/production_100ps.pdb,part2-20260924-v1,cbd6d0cba08d88f651c50408195bd6dacb4a41224dc2a1e87ef859185fcc77ec,2mi1-reduced-md-ph75-v1,"Existing-site case, not new candidate design; related training fragments; score is not efficiency"
2mi1_start01_t100_C14,未指定（案例复核）,AGCKNFFWKTFTSC,Ac-AGCKNFFWKTFTSC-NH2,14,0.9807865023612976,1,results/2mi1_reduced_capped_ph75_20260924/start_01/production_100ps.pdb,part2-20260924-v1,cbd6d0cba08d88f651c50408195bd6dacb4a41224dc2a1e87ef859185fcc77ec,2mi1-reduced-md-ph75-v1,"Existing-site case, not new candidate design; related training fragments; score is not efficiency"
2mi1_start01_t110_C3,未指定（案例复核）,AGCKNFFWKTFTSC,Ac-AGCKNFFWKTFTSC-NH2,3,0.9475486874580383,2,results/2mi1_reduced_capped_ph75_20260924/start_01/production_110ps.pdb,part2-20260924-v1,cbd6d0cba08d88f651c50408195bd6dacb4a41224dc2a1e87ef859185fcc77ec,2mi1-reduced-md-ph75-v1,"Existing-site case, not new candidate design; related training fragments; score is not efficiency"
2mi1_start01_t110_C14,未指定（案例复核）,AGCKNFFWKTFTSC,Ac-AGCKNFFWKTFTSC-NH2,14,0.9924323558807373,1,results/2mi1_reduced_capped_ph75_20260924/start_01/production_110ps.pdb,part2-20260924-v1,cbd6d0cba08d88f651c50408195bd6dacb4a41224dc2a1e87ef859185fcc77ec,2mi1-reduced-md-ph75-v1,"Existing-site case, not new candidate design; related training fragments; score is not efficiency"
2mi1_start01_t120_C3,未指定（案例复核）,AGCKNFFWKTFTSC,Ac-AGCKNFFWKTFTSC-NH2,3,0.914588451385498,2,results/2mi1_reduced_capped_ph75_20260924/start_01/production_120ps.pdb,part2-20260924-v1,cbd6d0cba08d88f651c50408195bd6dacb4a41224dc2a1e87ef859185fcc77ec,2mi1-reduced-md-ph75-v1,"Existing-site case, not new candidate design; related training fragments; score is not efficiency"
2mi1_start01_t120_C14,未指定（案例复核）,AGCKNFFWKTFTSC,Ac-AGCKNFFWKTFTSC-NH2,14,0.9834476709365845,1,results/2mi1_reduced_capped_ph75_20260924/start_01/production_120ps.pdb,part2-20260924-v1,cbd6d0cba08d88f651c50408195bd6dacb4a41224dc2a1e87ef859185fcc77ec,2mi1-reduced-md-ph75-v1,"Existing-site case, not new candidate design; related training fragments; score is not efficiency"
2mi1_start02_t030_C3,未指定（案例复核）,AGCKNFFWKTFTSC,Ac-AGCKNFFWKTFTSC-NH2,3,0.9267657399177551,2,results/2mi1_reduced_capped_ph75_20260924/start_02/production_030ps.pdb,part2-20260924-v1,cbd6d0cba08d88f651c50408195bd6dacb4a41224dc2a1e87ef859185fcc77ec,2mi1-reduced-md-ph75-v1,"Existing-site case, not new candidate design; related training fragments; score is not efficiency"
2mi1_start02_t030_C14,未指定（案例复核）,AGCKNFFWKTFTSC,Ac-AGCKNFFWKTFTSC-NH2,14,0.9891111254692078,1,results/2mi1_reduced_capped_ph75_20260924/start_02/production_030ps.pdb,part2-20260924-v1,cbd6d0cba08d88f651c50408195bd6dacb4a41224dc2a1e87ef859185fcc77ec,2mi1-reduced-md-ph75-v1,"Existing-site case, not new candidate design; related training fragments; score is not efficiency"
2mi1_start02_t040_C3,未指定（案例复核）,AGCKNFFWKTFTSC,Ac-AGCKNFFWKTFTSC-NH2,3,0.9359257817268372,2,results/2mi1_reduced_capped_ph75_20260924/start_02/production_040ps.pdb,part2-20260924-v1,cbd6d0cba08d88f651c50408195bd6dacb4a41224dc2a1e87ef859185fcc77ec,2mi1-reduced-md-ph75-v1,"Existing-site case, not new candidate design; related training fragments; score is not efficiency"
2mi1_start02_t040_C14,未指定（案例复核）,AGCKNFFWKTFTSC,Ac-AGCKNFFWKTFTSC-NH2,14,0.993750274181366,1,results/2mi1_reduced_capped_ph75_20260924/start_02/production_040ps.pdb,part2-20260924-v1,cbd6d0cba08d88f651c50408195bd6dacb4a41224dc2a1e87ef859185fcc77ec,2mi1-reduced-md-ph75-v1,"Existing-site case, not new candidate design; related training fragments; score is not efficiency"
2mi1_start02_t050_C3,未指定（案例复核）,AGCKNFFWKTFTSC,Ac-AGCKNFFWKTFTSC-NH2,3,0.9550818204879761,2,results/2mi1_reduced_capped_ph75_20260924/start_02/production_050ps.pdb,part2-20260924-v1,cbd6d0cba08d88f651c50408195bd6dacb4a41224dc2a1e87ef859185fcc77ec,2mi1-reduced-md-ph75-v1,"Existing-site case, not new candidate design; related training fragments; score is not efficiency"
2mi1_start02_t050_C14,未指定（案例复核）,AGCKNFFWKTFTSC,Ac-AGCKNFFWKTFTSC-NH2,14,0.9932138919830322,1,results/2mi1_reduced_capped_ph75_20260924/start_02/production_050ps.pdb,part2-20260924-v1,cbd6d0cba08d88f651c50408195bd6dacb4a41224dc2a1e87ef859185fcc77ec,2mi1-reduced-md-ph75-v1,"Existing-site case, not new candidate design; related training fragments; score is not efficiency"
2mi1_start02_t060_C3,未指定（案例复核）,AGCKNFFWKTFTSC,Ac-AGCKNFFWKTFTSC-NH2,3,0.9070579409599304,2,results/2mi1_reduced_capped_ph75_20260924/start_02/production_060ps.pdb,part2-20260924-v1,cbd6d0cba08d88f651c50408195bd6dacb4a41224dc2a1e87ef859185fcc77ec,2mi1-reduced-md-ph75-v1,"Existing-site case, not new candidate design; related training fragments; score is not efficiency"
2mi1_start02_t060_C14,未指定（案例复核）,AGCKNFFWKTFTSC,Ac-AGCKNFFWKTFTSC-NH2,14,0.9903664588928223,1,results/2mi1_reduced_capped_ph75_20260924/start_02/production_060ps.pdb,part2-20260924-v1,cbd6d0cba08d88f651c50408195bd6dacb4a41224dc2a1e87ef859185fcc77ec,2mi1-reduced-md-ph75-v1,"Existing-site case, not new candidate design; related training fragments; score is not efficiency"
2mi1_start02_t070_C3,未指定（案例复核）,AGCKNFFWKTFTSC,Ac-AGCKNFFWKTFTSC-NH2,3,0.9238184690475464,2,results/2mi1_reduced_capped_ph75_20260924/start_02/production_070ps.pdb,part2-20260924-v1,cbd6d0cba08d88f651c50408195bd6dacb4a41224dc2a1e87ef859185fcc77ec,2mi1-reduced-md-ph75-v1,"Existing-site case, not new candidate design; related training fragments; score is not efficiency"
2mi1_start02_t070_C14,未指定（案例复核）,AGCKNFFWKTFTSC,Ac-AGCKNFFWKTFTSC-NH2,14,0.9857209920883179,1,results/2mi1_reduced_capped_ph75_20260924/start_02/production_070ps.pdb,part2-20260924-v1,cbd6d0cba08d88f651c50408195bd6dacb4a41224dc2a1e87ef859185fcc77ec,2mi1-reduced-md-ph75-v1,"Existing-site case, not new candidate design; related training fragments; score is not efficiency"
2mi1_start02_t080_C3,未指定（案例复核）,AGCKNFFWKTFTSC,Ac-AGCKNFFWKTFTSC-NH2,3,0.9623933434486389,1,results/2mi1_reduced_capped_ph75_20260924/start_02/production_080ps.pdb,part2-20260924-v1,cbd6d0cba08d88f651c50408195bd6dacb4a41224dc2a1e87ef859185fcc77ec,2mi1-reduced-md-ph75-v1,"Existing-site case, not new candidate design; related training fragments; score is not efficiency"
2mi1_start02_t080_C14,未指定（案例复核）,AGCKNFFWKTFTSC,Ac-AGCKNFFWKTFTSC-NH2,14,0.9553552865982056,2,results/2mi1_reduced_capped_ph75_20260924/start_02/production_080ps.pdb,part2-20260924-v1,cbd6d0cba08d88f651c50408195bd6dacb4a41224dc2a1e87ef859185fcc77ec,2mi1-reduced-md-ph75-v1,"Existing-site case, not new candidate design; related training fragments; score is not efficiency"
2mi1_start02_t090_C3,未指定（案例复核）,AGCKNFFWKTFTSC,Ac-AGCKNFFWKTFTSC-NH2,3,0.9184627532958984,2,results/2mi1_reduced_capped_ph75_20260924/start_02/production_090ps.pdb,part2-20260924-v1,cbd6d0cba08d88f651c50408195bd6dacb4a41224dc2a1e87ef859185fcc77ec,2mi1-reduced-md-ph75-v1,"Existing-site case, not new candidate design; related training fragments; score is not efficiency"
2mi1_start02_t090_C14,未指定（案例复核）,AGCKNFFWKTFTSC,Ac-AGCKNFFWKTFTSC-NH2,14,0.9688720107078552,1,results/2mi1_reduced_capped_ph75_20260924/start_02/production_090ps.pdb,part2-20260924-v1,cbd6d0cba08d88f651c50408195bd6dacb4a41224dc2a1e87ef859185fcc77ec,2mi1-reduced-md-ph75-v1,"Existing-site case, not new candidate design; related training fragments; score is not efficiency"
2mi1_start02_t100_C3,未指定（案例复核）,AGCKNFFWKTFTSC,Ac-AGCKNFFWKTFTSC-NH2,3,0.8254494667053223,2,results/2mi1_reduced_capped_ph75_20260924/start_02/production_100ps.pdb,part2-20260924-v1,cbd6d0cba08d88f651c50408195bd6dacb4a41224dc2a1e87ef859185fcc77ec,2mi1-reduced-md-ph75-v1,"Existing-site case, not new candidate design; related training fragments; score is not efficiency"
2mi1_start02_t100_C14,未指定（案例复核）,AGCKNFFWKTFTSC,Ac-AGCKNFFWKTFTSC-NH2,14,0.9806081056594849,1,results/2mi1_reduced_capped_ph75_20260924/start_02/production_100ps.pdb,part2-20260924-v1,cbd6d0cba08d88f651c50408195bd6dacb4a41224dc2a1e87ef859185fcc77ec,2mi1-reduced-md-ph75-v1,"Existing-site case, not new candidate design; related training fragments; score is not efficiency"
2mi1_start02_t110_C3,未指定（案例复核）,AGCKNFFWKTFTSC,Ac-AGCKNFFWKTFTSC-NH2,3,0.8894263505935669,2,results/2mi1_reduced_capped_ph75_20260924/start_02/production_110ps.pdb,part2-20260924-v1,cbd6d0cba08d88f651c50408195bd6dacb4a41224dc2a1e87ef859185fcc77ec,2mi1-reduced-md-ph75-v1,"Existing-site case, not new candidate design; related training fragments; score is not efficiency"
2mi1_start02_t110_C14,未指定（案例复核）,AGCKNFFWKTFTSC,Ac-AGCKNFFWKTFTSC-NH2,14,0.9617144465446472,1,results/2mi1_reduced_capped_ph75_20260924/start_02/production_110ps.pdb,part2-20260924-v1,cbd6d0cba08d88f651c50408195bd6dacb4a41224dc2a1e87ef859185fcc77ec,2mi1-reduced-md-ph75-v1,"Existing-site case, not new candidate design; related training fragments; score is not efficiency"
2mi1_start02_t120_C3,未指定（案例复核）,AGCKNFFWKTFTSC,Ac-AGCKNFFWKTFTSC-NH2,3,0.806942343711853,2,results/2mi1_reduced_capped_ph75_20260924/start_02/production_120ps.pdb,part2-20260924-v1,cbd6d0cba08d88f651c50408195bd6dacb4a41224dc2a1e87ef859185fcc77ec,2mi1-reduced-md-ph75-v1,"Existing-site case, not new candidate design; related training fragments; score is not efficiency"
2mi1_start02_t120_C14,未指定（案例复核）,AGCKNFFWKTFTSC,Ac-AGCKNFFWKTFTSC-NH2,14,0.9649229645729065,1,results/2mi1_reduced_capped_ph75_20260924/start_02/production_120ps.pdb,part2-20260924-v1,cbd6d0cba08d88f651c50408195bd6dacb4a41224dc2a1e87ef859185fcc77ec,2mi1-reduced-md-ph75-v1,"Existing-site case, not new candidate design; related training fragments; score is not efficiency"
2mi1_start03_t030_C3,未指定（案例复核）,AGCKNFFWKTFTSC,Ac-AGCKNFFWKTFTSC-NH2,3,0.8114120364189148,2,results/2mi1_reduced_capped_ph75_20260924/start_03/production_030ps.pdb,part2-20260924-v1,cbd6d0cba08d88f651c50408195bd6dacb4a41224dc2a1e87ef859185fcc77ec,2mi1-reduced-md-ph75-v1,"Existing-site case, not new candidate design; related training fragments; score is not efficiency"
2mi1_start03_t030_C14,未指定（案例复核）,AGCKNFFWKTFTSC,Ac-AGCKNFFWKTFTSC-NH2,14,0.975641667842865,1,results/2mi1_reduced_capped_ph75_20260924/start_03/production_030ps.pdb,part2-20260924-v1,cbd6d0cba08d88f651c50408195bd6dacb4a41224dc2a1e87ef859185fcc77ec,2mi1-reduced-md-ph75-v1,"Existing-site case, not new candidate design; related training fragments; score is not efficiency"
2mi1_start03_t040_C3,未指定（案例复核）,AGCKNFFWKTFTSC,Ac-AGCKNFFWKTFTSC-NH2,3,0.8356260657310486,2,results/2mi1_reduced_capped_ph75_20260924/start_03/production_040ps.pdb,part2-20260924-v1,cbd6d0cba08d88f651c50408195bd6dacb4a41224dc2a1e87ef859185fcc77ec,2mi1-reduced-md-ph75-v1,"Existing-site case, not new candidate design; related training fragments; score is not efficiency"
2mi1_start03_t040_C14,未指定（案例复核）,AGCKNFFWKTFTSC,Ac-AGCKNFFWKTFTSC-NH2,14,0.9907625317573547,1,results/2mi1_reduced_capped_ph75_20260924/start_03/production_040ps.pdb,part2-20260924-v1,cbd6d0cba08d88f651c50408195bd6dacb4a41224dc2a1e87ef859185fcc77ec,2mi1-reduced-md-ph75-v1,"Existing-site case, not new candidate design; related training fragments; score is not efficiency"
2mi1_start03_t050_C3,未指定（案例复核）,AGCKNFFWKTFTSC,Ac-AGCKNFFWKTFTSC-NH2,3,0.801845908164978,2,results/2mi1_reduced_capped_ph75_20260924/start_03/production_050ps.pdb,part2-20260924-v1,cbd6d0cba08d88f651c50408195bd6dacb4a41224dc2a1e87ef859185fcc77ec,2mi1-reduced-md-ph75-v1,"Existing-site case, not new candidate design; related training fragments; score is not efficiency"
2mi1_start03_t050_C14,未指定（案例复核）,AGCKNFFWKTFTSC,Ac-AGCKNFFWKTFTSC-NH2,14,0.9863894581794739,1,results/2mi1_reduced_capped_ph75_20260924/start_03/production_050ps.pdb,part2-20260924-v1,cbd6d0cba08d88f651c50408195bd6dacb4a41224dc2a1e87ef859185fcc77ec,2mi1-reduced-md-ph75-v1,"Existing-site case, not new candidate design; related training fragments; score is not efficiency"
2mi1_start03_t060_C3,未指定（案例复核）,AGCKNFFWKTFTSC,Ac-AGCKNFFWKTFTSC-NH2,3,0.8568150997161865,2,results/2mi1_reduced_capped_ph75_20260924/start_03/production_060ps.pdb,part2-20260924-v1,cbd6d0cba08d88f651c50408195bd6dacb4a41224dc2a1e87ef859185fcc77ec,2mi1-reduced-md-ph75-v1,"Existing-site case, not new candidate design; related training fragments; score is not efficiency"
2mi1_start03_t060_C14,未指定（案例复核）,AGCKNFFWKTFTSC,Ac-AGCKNFFWKTFTSC-NH2,14,0.9884834885597229,1,results/2mi1_reduced_capped_ph75_20260924/start_03/production_060ps.pdb,part2-20260924-v1,cbd6d0cba08d88f651c50408195bd6dacb4a41224dc2a1e87ef859185fcc77ec,2mi1-reduced-md-ph75-v1,"Existing-site case, not new candidate design; related training fragments; score is not efficiency"
2mi1_start03_t070_C3,未指定（案例复核）,AGCKNFFWKTFTSC,Ac-AGCKNFFWKTFTSC-NH2,3,0.7806763052940369,2,results/2mi1_reduced_capped_ph75_20260924/start_03/production_070ps.pdb,part2-20260924-v1,cbd6d0cba08d88f651c50408195bd6dacb4a41224dc2a1e87ef859185fcc77ec,2mi1-reduced-md-ph75-v1,"Existing-site case, not new candidate design; related training fragments; score is not efficiency"
2mi1_start03_t070_C14,未指定（案例复核）,AGCKNFFWKTFTSC,Ac-AGCKNFFWKTFTSC-NH2,14,0.9879945516586304,1,results/2mi1_reduced_capped_ph75_20260924/start_03/production_070ps.pdb,part2-20260924-v1,cbd6d0cba08d88f651c50408195bd6dacb4a41224dc2a1e87ef859185fcc77ec,2mi1-reduced-md-ph75-v1,"Existing-site case, not new candidate design; related training fragments; score is not efficiency"
2mi1_start03_t080_C3,未指定（案例复核）,AGCKNFFWKTFTSC,Ac-AGCKNFFWKTFTSC-NH2,3,0.854426383972168,2,results/2mi1_reduced_capped_ph75_20260924/start_03/production_080ps.pdb,part2-20260924-v1,cbd6d0cba08d88f651c50408195bd6dacb4a41224dc2a1e87ef859185fcc77ec,2mi1-reduced-md-ph75-v1,"Existing-site case, not new candidate design; related training fragments; score is not efficiency"
2mi1_start03_t080_C14,未指定（案例复核）,AGCKNFFWKTFTSC,Ac-AGCKNFFWKTFTSC-NH2,14,0.989676296710968,1,results/2mi1_reduced_capped_ph75_20260924/start_03/production_080ps.pdb,part2-20260924-v1,cbd6d0cba08d88f651c50408195bd6dacb4a41224dc2a1e87ef859185fcc77ec,2mi1-reduced-md-ph75-v1,"Existing-site case, not new candidate design; related training fragments; score is not efficiency"
2mi1_start03_t090_C3,未指定（案例复核）,AGCKNFFWKTFTSC,Ac-AGCKNFFWKTFTSC-NH2,3,0.8054578900337219,2,results/2mi1_reduced_capped_ph75_20260924/start_03/production_090ps.pdb,part2-20260924-v1,cbd6d0cba08d88f651c50408195bd6dacb4a41224dc2a1e87ef859185fcc77ec,2mi1-reduced-md-ph75-v1,"Existing-site case, not new candidate design; related training fragments; score is not efficiency"
2mi1_start03_t090_C14,未指定（案例复核）,AGCKNFFWKTFTSC,Ac-AGCKNFFWKTFTSC-NH2,14,0.9862784743309021,1,results/2mi1_reduced_capped_ph75_20260924/start_03/production_090ps.pdb,part2-20260924-v1,cbd6d0cba08d88f651c50408195bd6dacb4a41224dc2a1e87ef859185fcc77ec,2mi1-reduced-md-ph75-v1,"Existing-site case, not new candidate design; related training fragments; score is not efficiency"
2mi1_start03_t100_C3,未指定（案例复核）,AGCKNFFWKTFTSC,Ac-AGCKNFFWKTFTSC-NH2,3,0.942221462726593,2,results/2mi1_reduced_capped_ph75_20260924/start_03/production_100ps.pdb,part2-20260924-v1,cbd6d0cba08d88f651c50408195bd6dacb4a41224dc2a1e87ef859185fcc77ec,2mi1-reduced-md-ph75-v1,"Existing-site case, not new candidate design; related training fragments; score is not efficiency"
2mi1_start03_t100_C14,未指定（案例复核）,AGCKNFFWKTFTSC,Ac-AGCKNFFWKTFTSC-NH2,14,0.992664098739624,1,results/2mi1_reduced_capped_ph75_20260924/start_03/production_100ps.pdb,part2-20260924-v1,cbd6d0cba08d88f651c50408195bd6dacb4a41224dc2a1e87ef859185fcc77ec,2mi1-reduced-md-ph75-v1,"Existing-site case, not new candidate design; related training fragments; score is not efficiency"
2mi1_start03_t110_C3,未指定（案例复核）,AGCKNFFWKTFTSC,Ac-AGCKNFFWKTFTSC-NH2,3,0.8465616106987,2,results/2mi1_reduced_capped_ph75_20260924/start_03/production_110ps.pdb,part2-20260924-v1,cbd6d0cba08d88f651c50408195bd6dacb4a41224dc2a1e87ef859185fcc77ec,2mi1-reduced-md-ph75-v1,"Existing-site case, not new candidate design; related training fragments; score is not efficiency"
2mi1_start03_t110_C14,未指定（案例复核）,AGCKNFFWKTFTSC,Ac-AGCKNFFWKTFTSC-NH2,14,0.9960179924964905,1,results/2mi1_reduced_capped_ph75_20260924/start_03/production_110ps.pdb,part2-20260924-v1,cbd6d0cba08d88f651c50408195bd6dacb4a41224dc2a1e87ef859185fcc77ec,2mi1-reduced-md-ph75-v1,"Existing-site case, not new candidate design; related training fragments; score is not efficiency"
2mi1_start03_t120_C3,未指定（案例复核）,AGCKNFFWKTFTSC,Ac-AGCKNFFWKTFTSC-NH2,3,0.8279724717140198,2,results/2mi1_reduced_capped_ph75_20260924/start_03/production_120ps.pdb,part2-20260924-v1,cbd6d0cba08d88f651c50408195bd6dacb4a41224dc2a1e87ef859185fcc77ec,2mi1-reduced-md-ph75-v1,"Existing-site case, not new candidate design; related training fragments; score is not efficiency"
2mi1_start03_t120_C14,未指定（案例复核）,AGCKNFFWKTFTSC,Ac-AGCKNFFWKTFTSC-NH2,14,0.9898567199707031,1,results/2mi1_reduced_capped_ph75_20260924/start_03/production_120ps.pdb,part2-20260924-v1,cbd6d0cba08d88f651c50408195bd6dacb4a41224dc2a1e87ef859185fcc77ec,2mi1-reduced-md-ph75-v1,"Existing-site case, not new candidate design; related training fragments; score is not efficiency"
2mi1_start04_t030_C3,未指定（案例复核）,AGCKNFFWKTFTSC,Ac-AGCKNFFWKTFTSC-NH2,3,0.9324359893798828,2,results/2mi1_reduced_capped_ph75_20260924/start_04/production_030ps.pdb,part2-20260924-v1,cbd6d0cba08d88f651c50408195bd6dacb4a41224dc2a1e87ef859185fcc77ec,2mi1-reduced-md-ph75-v1,"Existing-site case, not new candidate design; related training fragments; score is not efficiency"
2mi1_start04_t030_C14,未指定（案例复核）,AGCKNFFWKTFTSC,Ac-AGCKNFFWKTFTSC-NH2,14,0.9967775940895081,1,results/2mi1_reduced_capped_ph75_20260924/start_04/production_030ps.pdb,part2-20260924-v1,cbd6d0cba08d88f651c50408195bd6dacb4a41224dc2a1e87ef859185fcc77ec,2mi1-reduced-md-ph75-v1,"Existing-site case, not new candidate design; related training fragments; score is not efficiency"
2mi1_start04_t040_C3,未指定（案例复核）,AGCKNFFWKTFTSC,Ac-AGCKNFFWKTFTSC-NH2,3,0.9484069347381592,2,results/2mi1_reduced_capped_ph75_20260924/start_04/production_040ps.pdb,part2-20260924-v1,cbd6d0cba08d88f651c50408195bd6dacb4a41224dc2a1e87ef859185fcc77ec,2mi1-reduced-md-ph75-v1,"Existing-site case, not new candidate design; related training fragments; score is not efficiency"
2mi1_start04_t040_C14,未指定（案例复核）,AGCKNFFWKTFTSC,Ac-AGCKNFFWKTFTSC-NH2,14,0.9968860745429993,1,results/2mi1_reduced_capped_ph75_20260924/start_04/production_040ps.pdb,part2-20260924-v1,cbd6d0cba08d88f651c50408195bd6dacb4a41224dc2a1e87ef859185fcc77ec,2mi1-reduced-md-ph75-v1,"Existing-site case, not new candidate design; related training fragments; score is not efficiency"
2mi1_start04_t050_C3,未指定（案例复核）,AGCKNFFWKTFTSC,Ac-AGCKNFFWKTFTSC-NH2,3,0.9543161392211914,2,results/2mi1_reduced_capped_ph75_20260924/start_04/production_050ps.pdb,part2-20260924-v1,cbd6d0cba08d88f651c50408195bd6dacb4a41224dc2a1e87ef859185fcc77ec,2mi1-reduced-md-ph75-v1,"Existing-site case, not new candidate design; related training fragments; score is not efficiency"
2mi1_start04_t050_C14,未指定（案例复核）,AGCKNFFWKTFTSC,Ac-AGCKNFFWKTFTSC-NH2,14,0.9959098100662231,1,results/2mi1_reduced_capped_ph75_20260924/start_04/production_050ps.pdb,part2-20260924-v1,cbd6d0cba08d88f651c50408195bd6dacb4a41224dc2a1e87ef859185fcc77ec,2mi1-reduced-md-ph75-v1,"Existing-site case, not new candidate design; related training fragments; score is not efficiency"
2mi1_start04_t060_C3,未指定（案例复核）,AGCKNFFWKTFTSC,Ac-AGCKNFFWKTFTSC-NH2,3,0.9469748139381409,2,results/2mi1_reduced_capped_ph75_20260924/start_04/production_060ps.pdb,part2-20260924-v1,cbd6d0cba08d88f651c50408195bd6dacb4a41224dc2a1e87ef859185fcc77ec,2mi1-reduced-md-ph75-v1,"Existing-site case, not new candidate design; related training fragments; score is not efficiency"
2mi1_start04_t060_C14,未指定（案例复核）,AGCKNFFWKTFTSC,Ac-AGCKNFFWKTFTSC-NH2,14,0.9973426461219788,1,results/2mi1_reduced_capped_ph75_20260924/start_04/production_060ps.pdb,part2-20260924-v1,cbd6d0cba08d88f651c50408195bd6dacb4a41224dc2a1e87ef859185fcc77ec,2mi1-reduced-md-ph75-v1,"Existing-site case, not new candidate design; related training fragments; score is not efficiency"
2mi1_start04_t070_C3,未指定（案例复核）,AGCKNFFWKTFTSC,Ac-AGCKNFFWKTFTSC-NH2,3,0.9691042304039001,2,results/2mi1_reduced_capped_ph75_20260924/start_04/production_070ps.pdb,part2-20260924-v1,cbd6d0cba08d88f651c50408195bd6dacb4a41224dc2a1e87ef859185fcc77ec,2mi1-reduced-md-ph75-v1,"Existing-site case, not new candidate design; related training fragments; score is not efficiency"
2mi1_start04_t070_C14,未指定（案例复核）,AGCKNFFWKTFTSC,Ac-AGCKNFFWKTFTSC-NH2,14,0.99620121717453,1,results/2mi1_reduced_capped_ph75_20260924/start_04/production_070ps.pdb,part2-20260924-v1,cbd6d0cba08d88f651c50408195bd6dacb4a41224dc2a1e87ef859185fcc77ec,2mi1-reduced-md-ph75-v1,"Existing-site case, not new candidate design; related training fragments; score is not efficiency"
2mi1_start04_t080_C3,未指定（案例复核）,AGCKNFFWKTFTSC,Ac-AGCKNFFWKTFTSC-NH2,3,0.977970540523529,2,results/2mi1_reduced_capped_ph75_20260924/start_04/production_080ps.pdb,part2-20260924-v1,cbd6d0cba08d88f651c50408195bd6dacb4a41224dc2a1e87ef859185fcc77ec,2mi1-reduced-md-ph75-v1,"Existing-site case, not new candidate design; related training fragments; score is not efficiency"
2mi1_start04_t080_C14,未指定（案例复核）,AGCKNFFWKTFTSC,Ac-AGCKNFFWKTFTSC-NH2,14,0.9964621663093567,1,results/2mi1_reduced_capped_ph75_20260924/start_04/production_080ps.pdb,part2-20260924-v1,cbd6d0cba08d88f651c50408195bd6dacb4a41224dc2a1e87ef859185fcc77ec,2mi1-reduced-md-ph75-v1,"Existing-site case, not new candidate design; related training fragments; score is not efficiency"
2mi1_start04_t090_C3,未指定（案例复核）,AGCKNFFWKTFTSC,Ac-AGCKNFFWKTFTSC-NH2,3,0.9761130213737488,2,results/2mi1_reduced_capped_ph75_20260924/start_04/production_090ps.pdb,part2-20260924-v1,cbd6d0cba08d88f651c50408195bd6dacb4a41224dc2a1e87ef859185fcc77ec,2mi1-reduced-md-ph75-v1,"Existing-site case, not new candidate design; related training fragments; score is not efficiency"
2mi1_start04_t090_C14,未指定（案例复核）,AGCKNFFWKTFTSC,Ac-AGCKNFFWKTFTSC-NH2,14,0.9948739409446716,1,results/2mi1_reduced_capped_ph75_20260924/start_04/production_090ps.pdb,part2-20260924-v1,cbd6d0cba08d88f651c50408195bd6dacb4a41224dc2a1e87ef859185fcc77ec,2mi1-reduced-md-ph75-v1,"Existing-site case, not new candidate design; related training fragments; score is not efficiency"
2mi1_start04_t100_C3,未指定（案例复核）,AGCKNFFWKTFTSC,Ac-AGCKNFFWKTFTSC-NH2,3,0.9529756307601929,2,results/2mi1_reduced_capped_ph75_20260924/start_04/production_100ps.pdb,part2-20260924-v1,cbd6d0cba08d88f651c50408195bd6dacb4a41224dc2a1e87ef859185fcc77ec,2mi1-reduced-md-ph75-v1,"Existing-site case, not new candidate design; related training fragments; score is not efficiency"
2mi1_start04_t100_C14,未指定（案例复核）,AGCKNFFWKTFTSC,Ac-AGCKNFFWKTFTSC-NH2,14,0.9957017302513123,1,results/2mi1_reduced_capped_ph75_20260924/start_04/production_100ps.pdb,part2-20260924-v1,cbd6d0cba08d88f651c50408195bd6dacb4a41224dc2a1e87ef859185fcc77ec,2mi1-reduced-md-ph75-v1,"Existing-site case, not new candidate design; related training fragments; score is not efficiency"
2mi1_start04_t110_C3,未指定（案例复核）,AGCKNFFWKTFTSC,Ac-AGCKNFFWKTFTSC-NH2,3,0.8815774321556091,2,results/2mi1_reduced_capped_ph75_20260924/start_04/production_110ps.pdb,part2-20260924-v1,cbd6d0cba08d88f651c50408195bd6dacb4a41224dc2a1e87ef859185fcc77ec,2mi1-reduced-md-ph75-v1,"Existing-site case, not new candidate design; related training fragments; score is not efficiency"
2mi1_start04_t110_C14,未指定（案例复核）,AGCKNFFWKTFTSC,Ac-AGCKNFFWKTFTSC-NH2,14,0.9969327449798584,1,results/2mi1_reduced_capped_ph75_20260924/start_04/production_110ps.pdb,part2-20260924-v1,cbd6d0cba08d88f651c50408195bd6dacb4a41224dc2a1e87ef859185fcc77ec,2mi1-reduced-md-ph75-v1,"Existing-site case, not new candidate design; related training fragments; score is not efficiency"
2mi1_start04_t120_C3,未指定（案例复核）,AGCKNFFWKTFTSC,Ac-AGCKNFFWKTFTSC-NH2,3,0.9389076232910156,2,results/2mi1_reduced_capped_ph75_20260924/start_04/production_120ps.pdb,part2-20260924-v1,cbd6d0cba08d88f651c50408195bd6dacb4a41224dc2a1e87ef859185fcc77ec,2mi1-reduced-md-ph75-v1,"Existing-site case, not new candidate design; related training fragments; score is not efficiency"
2mi1_start04_t120_C14,未指定（案例复核）,AGCKNFFWKTFTSC,Ac-AGCKNFFWKTFTSC-NH2,14,0.9953287839889526,1,results/2mi1_reduced_capped_ph75_20260924/start_04/production_120ps.pdb,part2-20260924-v1,cbd6d0cba08d88f651c50408195bd6dacb4a41224dc2a1e87ef859185fcc77ec,2mi1-reduced-md-ph75-v1,"Existing-site case, not new candidate design; related training fragments; score is not efficiency"
2mi1_start05_t030_C3,未指定（案例复核）,AGCKNFFWKTFTSC,Ac-AGCKNFFWKTFTSC-NH2,3,0.8529378771781921,2,results/2mi1_reduced_capped_ph75_20260924/start_05/production_030ps.pdb,part2-20260924-v1,cbd6d0cba08d88f651c50408195bd6dacb4a41224dc2a1e87ef859185fcc77ec,2mi1-reduced-md-ph75-v1,"Existing-site case, not new candidate design; related training fragments; score is not efficiency"
2mi1_start05_t030_C14,未指定（案例复核）,AGCKNFFWKTFTSC,Ac-AGCKNFFWKTFTSC-NH2,14,0.9516997337341309,1,results/2mi1_reduced_capped_ph75_20260924/start_05/production_030ps.pdb,part2-20260924-v1,cbd6d0cba08d88f651c50408195bd6dacb4a41224dc2a1e87ef859185fcc77ec,2mi1-reduced-md-ph75-v1,"Existing-site case, not new candidate design; related training fragments; score is not efficiency"
2mi1_start05_t040_C3,未指定（案例复核）,AGCKNFFWKTFTSC,Ac-AGCKNFFWKTFTSC-NH2,3,0.8514871597290039,2,results/2mi1_reduced_capped_ph75_20260924/start_05/production_040ps.pdb,part2-20260924-v1,cbd6d0cba08d88f651c50408195bd6dacb4a41224dc2a1e87ef859185fcc77ec,2mi1-reduced-md-ph75-v1,"Existing-site case, not new candidate design; related training fragments; score is not efficiency"
2mi1_start05_t040_C14,未指定（案例复核）,AGCKNFFWKTFTSC,Ac-AGCKNFFWKTFTSC-NH2,14,0.9644711017608643,1,results/2mi1_reduced_capped_ph75_20260924/start_05/production_040ps.pdb,part2-20260924-v1,cbd6d0cba08d88f651c50408195bd6dacb4a41224dc2a1e87ef859185fcc77ec,2mi1-reduced-md-ph75-v1,"Existing-site case, not new candidate design; related training fragments; score is not efficiency"
2mi1_start05_t050_C3,未指定（案例复核）,AGCKNFFWKTFTSC,Ac-AGCKNFFWKTFTSC-NH2,3,0.8817359805107117,2,results/2mi1_reduced_capped_ph75_20260924/start_05/production_050ps.pdb,part2-20260924-v1,cbd6d0cba08d88f651c50408195bd6dacb4a41224dc2a1e87ef859185fcc77ec,2mi1-reduced-md-ph75-v1,"Existing-site case, not new candidate design; related training fragments; score is not efficiency"
2mi1_start05_t050_C14,未指定（案例复核）,AGCKNFFWKTFTSC,Ac-AGCKNFFWKTFTSC-NH2,14,0.974968433380127,1,results/2mi1_reduced_capped_ph75_20260924/start_05/production_050ps.pdb,part2-20260924-v1,cbd6d0cba08d88f651c50408195bd6dacb4a41224dc2a1e87ef859185fcc77ec,2mi1-reduced-md-ph75-v1,"Existing-site case, not new candidate design; related training fragments; score is not efficiency"
2mi1_start05_t060_C3,未指定（案例复核）,AGCKNFFWKTFTSC,Ac-AGCKNFFWKTFTSC-NH2,3,0.9322848916053772,2,results/2mi1_reduced_capped_ph75_20260924/start_05/production_060ps.pdb,part2-20260924-v1,cbd6d0cba08d88f651c50408195bd6dacb4a41224dc2a1e87ef859185fcc77ec,2mi1-reduced-md-ph75-v1,"Existing-site case, not new candidate design; related training fragments; score is not efficiency"
2mi1_start05_t060_C14,未指定（案例复核）,AGCKNFFWKTFTSC,Ac-AGCKNFFWKTFTSC-NH2,14,0.9960162043571472,1,results/2mi1_reduced_capped_ph75_20260924/start_05/production_060ps.pdb,part2-20260924-v1,cbd6d0cba08d88f651c50408195bd6dacb4a41224dc2a1e87ef859185fcc77ec,2mi1-reduced-md-ph75-v1,"Existing-site case, not new candidate design; related training fragments; score is not efficiency"
2mi1_start05_t070_C3,未指定（案例复核）,AGCKNFFWKTFTSC,Ac-AGCKNFFWKTFTSC-NH2,3,0.803536057472229,2,results/2mi1_reduced_capped_ph75_20260924/start_05/production_070ps.pdb,part2-20260924-v1,cbd6d0cba08d88f651c50408195bd6dacb4a41224dc2a1e87ef859185fcc77ec,2mi1-reduced-md-ph75-v1,"Existing-site case, not new candidate design; related training fragments; score is not efficiency"
2mi1_start05_t070_C14,未指定（案例复核）,AGCKNFFWKTFTSC,Ac-AGCKNFFWKTFTSC-NH2,14,0.9903869032859802,1,results/2mi1_reduced_capped_ph75_20260924/start_05/production_070ps.pdb,part2-20260924-v1,cbd6d0cba08d88f651c50408195bd6dacb4a41224dc2a1e87ef859185fcc77ec,2mi1-reduced-md-ph75-v1,"Existing-site case, not new candidate design; related training fragments; score is not efficiency"
2mi1_start05_t080_C3,未指定（案例复核）,AGCKNFFWKTFTSC,Ac-AGCKNFFWKTFTSC-NH2,3,0.8661054372787476,2,results/2mi1_reduced_capped_ph75_20260924/start_05/production_080ps.pdb,part2-20260924-v1,cbd6d0cba08d88f651c50408195bd6dacb4a41224dc2a1e87ef859185fcc77ec,2mi1-reduced-md-ph75-v1,"Existing-site case, not new candidate design; related training fragments; score is not efficiency"
2mi1_start05_t080_C14,未指定（案例复核）,AGCKNFFWKTFTSC,Ac-AGCKNFFWKTFTSC-NH2,14,0.9725454449653625,1,results/2mi1_reduced_capped_ph75_20260924/start_05/production_080ps.pdb,part2-20260924-v1,cbd6d0cba08d88f651c50408195bd6dacb4a41224dc2a1e87ef859185fcc77ec,2mi1-reduced-md-ph75-v1,"Existing-site case, not new candidate design; related training fragments; score is not efficiency"
2mi1_start05_t090_C3,未指定（案例复核）,AGCKNFFWKTFTSC,Ac-AGCKNFFWKTFTSC-NH2,3,0.9098252654075623,2,results/2mi1_reduced_capped_ph75_20260924/start_05/production_090ps.pdb,part2-20260924-v1,cbd6d0cba08d88f651c50408195bd6dacb4a41224dc2a1e87ef859185fcc77ec,2mi1-reduced-md-ph75-v1,"Existing-site case, not new candidate design; related training fragments; score is not efficiency"
2mi1_start05_t090_C14,未指定（案例复核）,AGCKNFFWKTFTSC,Ac-AGCKNFFWKTFTSC-NH2,14,0.9805849194526672,1,results/2mi1_reduced_capped_ph75_20260924/start_05/production_090ps.pdb,part2-20260924-v1,cbd6d0cba08d88f651c50408195bd6dacb4a41224dc2a1e87ef859185fcc77ec,2mi1-reduced-md-ph75-v1,"Existing-site case, not new candidate design; related training fragments; score is not efficiency"
2mi1_start05_t100_C3,未指定（案例复核）,AGCKNFFWKTFTSC,Ac-AGCKNFFWKTFTSC-NH2,3,0.9411028623580933,2,results/2mi1_reduced_capped_ph75_20260924/start_05/production_100ps.pdb,part2-20260924-v1,cbd6d0cba08d88f651c50408195bd6dacb4a41224dc2a1e87ef859185fcc77ec,2mi1-reduced-md-ph75-v1,"Existing-site case, not new candidate design; related training fragments; score is not efficiency"
2mi1_start05_t100_C14,未指定（案例复核）,AGCKNFFWKTFTSC,Ac-AGCKNFFWKTFTSC-NH2,14,0.9876484870910645,1,results/2mi1_reduced_capped_ph75_20260924/start_05/production_100ps.pdb,part2-20260924-v1,cbd6d0cba08d88f651c50408195bd6dacb4a41224dc2a1e87ef859185fcc77ec,2mi1-reduced-md-ph75-v1,"Existing-site case, not new candidate design; related training fragments; score is not efficiency"
2mi1_start05_t110_C3,未指定（案例复核）,AGCKNFFWKTFTSC,Ac-AGCKNFFWKTFTSC-NH2,3,0.9193664193153381,2,results/2mi1_reduced_capped_ph75_20260924/start_05/production_110ps.pdb,part2-20260924-v1,cbd6d0cba08d88f651c50408195bd6dacb4a41224dc2a1e87ef859185fcc77ec,2mi1-reduced-md-ph75-v1,"Existing-site case, not new candidate design; related training fragments; score is not efficiency"
2mi1_start05_t110_C14,未指定（案例复核）,AGCKNFFWKTFTSC,Ac-AGCKNFFWKTFTSC-NH2,14,0.9922246932983398,1,results/2mi1_reduced_capped_ph75_20260924/start_05/production_110ps.pdb,part2-20260924-v1,cbd6d0cba08d88f651c50408195bd6dacb4a41224dc2a1e87ef859185fcc77ec,2mi1-reduced-md-ph75-v1,"Existing-site case, not new candidate design; related training fragments; score is not efficiency"
2mi1_start05_t120_C3,未指定（案例复核）,AGCKNFFWKTFTSC,Ac-AGCKNFFWKTFTSC-NH2,3,0.9224452376365662,2,results/2mi1_reduced_capped_ph75_20260924/start_05/production_120ps.pdb,part2-20260924-v1,cbd6d0cba08d88f651c50408195bd6dacb4a41224dc2a1e87ef859185fcc77ec,2mi1-reduced-md-ph75-v1,"Existing-site case, not new candidate design; related training fragments; score is not efficiency"
2mi1_start05_t120_C14,未指定（案例复核）,AGCKNFFWKTFTSC,Ac-AGCKNFFWKTFTSC-NH2,14,0.9881258010864258,1,results/2mi1_reduced_capped_ph75_20260924/start_05/production_120ps.pdb,part2-20260924-v1,cbd6d0cba08d88f651c50408195bd6dacb4a41224dc2a1e87ef859185fcc77ec,2mi1-reduced-md-ph75-v1,"Existing-site case, not new candidate design; related training fragments; score is not efficiency"
2mi1_start06_t030_C3,未指定（案例复核）,AGCKNFFWKTFTSC,Ac-AGCKNFFWKTFTSC-NH2,3,0.9313697814941406,2,results/2mi1_reduced_capped_ph75_20260924/start_06/production_030ps.pdb,part2-20260924-v1,cbd6d0cba08d88f651c50408195bd6dacb4a41224dc2a1e87ef859185fcc77ec,2mi1-reduced-md-ph75-v1,"Existing-site case, not new candidate design; related training fragments; score is not efficiency"
2mi1_start06_t030_C14,未指定（案例复核）,AGCKNFFWKTFTSC,Ac-AGCKNFFWKTFTSC-NH2,14,0.9955452680587769,1,results/2mi1_reduced_capped_ph75_20260924/start_06/production_030ps.pdb,part2-20260924-v1,cbd6d0cba08d88f651c50408195bd6dacb4a41224dc2a1e87ef859185fcc77ec,2mi1-reduced-md-ph75-v1,"Existing-site case, not new candidate design; related training fragments; score is not efficiency"
2mi1_start06_t040_C3,未指定（案例复核）,AGCKNFFWKTFTSC,Ac-AGCKNFFWKTFTSC-NH2,3,0.836100161075592,2,results/2mi1_reduced_capped_ph75_20260924/start_06/production_040ps.pdb,part2-20260924-v1,cbd6d0cba08d88f651c50408195bd6dacb4a41224dc2a1e87ef859185fcc77ec,2mi1-reduced-md-ph75-v1,"Existing-site case, not new candidate design; related training fragments; score is not efficiency"
2mi1_start06_t040_C14,未指定（案例复核）,AGCKNFFWKTFTSC,Ac-AGCKNFFWKTFTSC-NH2,14,0.9947123527526855,1,results/2mi1_reduced_capped_ph75_20260924/start_06/production_040ps.pdb,part2-20260924-v1,cbd6d0cba08d88f651c50408195bd6dacb4a41224dc2a1e87ef859185fcc77ec,2mi1-reduced-md-ph75-v1,"Existing-site case, not new candidate design; related training fragments; score is not efficiency"
2mi1_start06_t050_C3,未指定（案例复核）,AGCKNFFWKTFTSC,Ac-AGCKNFFWKTFTSC-NH2,3,0.8105416893959045,2,results/2mi1_reduced_capped_ph75_20260924/start_06/production_050ps.pdb,part2-20260924-v1,cbd6d0cba08d88f651c50408195bd6dacb4a41224dc2a1e87ef859185fcc77ec,2mi1-reduced-md-ph75-v1,"Existing-site case, not new candidate design; related training fragments; score is not efficiency"
2mi1_start06_t050_C14,未指定（案例复核）,AGCKNFFWKTFTSC,Ac-AGCKNFFWKTFTSC-NH2,14,0.996796190738678,1,results/2mi1_reduced_capped_ph75_20260924/start_06/production_050ps.pdb,part2-20260924-v1,cbd6d0cba08d88f651c50408195bd6dacb4a41224dc2a1e87ef859185fcc77ec,2mi1-reduced-md-ph75-v1,"Existing-site case, not new candidate design; related training fragments; score is not efficiency"
2mi1_start06_t060_C3,未指定（案例复核）,AGCKNFFWKTFTSC,Ac-AGCKNFFWKTFTSC-NH2,3,0.9500752687454224,2,results/2mi1_reduced_capped_ph75_20260924/start_06/production_060ps.pdb,part2-20260924-v1,cbd6d0cba08d88f651c50408195bd6dacb4a41224dc2a1e87ef859185fcc77ec,2mi1-reduced-md-ph75-v1,"Existing-site case, not new candidate design; related training fragments; score is not efficiency"
2mi1_start06_t060_C14,未指定（案例复核）,AGCKNFFWKTFTSC,Ac-AGCKNFFWKTFTSC-NH2,14,0.9972353577613831,1,results/2mi1_reduced_capped_ph75_20260924/start_06/production_060ps.pdb,part2-20260924-v1,cbd6d0cba08d88f651c50408195bd6dacb4a41224dc2a1e87ef859185fcc77ec,2mi1-reduced-md-ph75-v1,"Existing-site case, not new candidate design; related training fragments; score is not efficiency"
2mi1_start06_t070_C3,未指定（案例复核）,AGCKNFFWKTFTSC,Ac-AGCKNFFWKTFTSC-NH2,3,0.9638104438781738,2,results/2mi1_reduced_capped_ph75_20260924/start_06/production_070ps.pdb,part2-20260924-v1,cbd6d0cba08d88f651c50408195bd6dacb4a41224dc2a1e87ef859185fcc77ec,2mi1-reduced-md-ph75-v1,"Existing-site case, not new candidate design; related training fragments; score is not efficiency"
2mi1_start06_t070_C14,未指定（案例复核）,AGCKNFFWKTFTSC,Ac-AGCKNFFWKTFTSC-NH2,14,0.9962928891181946,1,results/2mi1_reduced_capped_ph75_20260924/start_06/production_070ps.pdb,part2-20260924-v1,cbd6d0cba08d88f651c50408195bd6dacb4a41224dc2a1e87ef859185fcc77ec,2mi1-reduced-md-ph75-v1,"Existing-site case, not new candidate design; related training fragments; score is not efficiency"
2mi1_start06_t080_C3,未指定（案例复核）,AGCKNFFWKTFTSC,Ac-AGCKNFFWKTFTSC-NH2,3,0.9385149478912354,2,results/2mi1_reduced_capped_ph75_20260924/start_06/production_080ps.pdb,part2-20260924-v1,cbd6d0cba08d88f651c50408195bd6dacb4a41224dc2a1e87ef859185fcc77ec,2mi1-reduced-md-ph75-v1,"Existing-site case, not new candidate design; related training fragments; score is not efficiency"
2mi1_start06_t080_C14,未指定（案例复核）,AGCKNFFWKTFTSC,Ac-AGCKNFFWKTFTSC-NH2,14,0.9941731095314026,1,results/2mi1_reduced_capped_ph75_20260924/start_06/production_080ps.pdb,part2-20260924-v1,cbd6d0cba08d88f651c50408195bd6dacb4a41224dc2a1e87ef859185fcc77ec,2mi1-reduced-md-ph75-v1,"Existing-site case, not new candidate design; related training fragments; score is not efficiency"
2mi1_start06_t090_C3,未指定（案例复核）,AGCKNFFWKTFTSC,Ac-AGCKNFFWKTFTSC-NH2,3,0.9114730358123779,2,results/2mi1_reduced_capped_ph75_20260924/start_06/production_090ps.pdb,part2-20260924-v1,cbd6d0cba08d88f651c50408195bd6dacb4a41224dc2a1e87ef859185fcc77ec,2mi1-reduced-md-ph75-v1,"Existing-site case, not new candidate design; related training fragments; score is not efficiency"
2mi1_start06_t090_C14,未指定（案例复核）,AGCKNFFWKTFTSC,Ac-AGCKNFFWKTFTSC-NH2,14,0.9952794313430786,1,results/2mi1_reduced_capped_ph75_20260924/start_06/production_090ps.pdb,part2-20260924-v1,cbd6d0cba08d88f651c50408195bd6dacb4a41224dc2a1e87ef859185fcc77ec,2mi1-reduced-md-ph75-v1,"Existing-site case, not new candidate design; related training fragments; score is not efficiency"
2mi1_start06_t100_C3,未指定（案例复核）,AGCKNFFWKTFTSC,Ac-AGCKNFFWKTFTSC-NH2,3,0.9806344509124756,2,results/2mi1_reduced_capped_ph75_20260924/start_06/production_100ps.pdb,part2-20260924-v1,cbd6d0cba08d88f651c50408195bd6dacb4a41224dc2a1e87ef859185fcc77ec,2mi1-reduced-md-ph75-v1,"Existing-site case, not new candidate design; related training fragments; score is not efficiency"
2mi1_start06_t100_C14,未指定（案例复核）,AGCKNFFWKTFTSC,Ac-AGCKNFFWKTFTSC-NH2,14,0.9966073036193848,1,results/2mi1_reduced_capped_ph75_20260924/start_06/production_100ps.pdb,part2-20260924-v1,cbd6d0cba08d88f651c50408195bd6dacb4a41224dc2a1e87ef859185fcc77ec,2mi1-reduced-md-ph75-v1,"Existing-site case, not new candidate design; related training fragments; score is not efficiency"
2mi1_start06_t110_C3,未指定（案例复核）,AGCKNFFWKTFTSC,Ac-AGCKNFFWKTFTSC-NH2,3,0.9520546793937683,2,results/2mi1_reduced_capped_ph75_20260924/start_06/production_110ps.pdb,part2-20260924-v1,cbd6d0cba08d88f651c50408195bd6dacb4a41224dc2a1e87ef859185fcc77ec,2mi1-reduced-md-ph75-v1,"Existing-site case, not new candidate design; related training fragments; score is not efficiency"
2mi1_start06_t110_C14,未指定（案例复核）,AGCKNFFWKTFTSC,Ac-AGCKNFFWKTFTSC-NH2,14,0.9938312768936157,1,results/2mi1_reduced_capped_ph75_20260924/start_06/production_110ps.pdb,part2-20260924-v1,cbd6d0cba08d88f651c50408195bd6dacb4a41224dc2a1e87ef859185fcc77ec,2mi1-reduced-md-ph75-v1,"Existing-site case, not new candidate design; related training fragments; score is not efficiency"
2mi1_start06_t120_C3,未指定（案例复核）,AGCKNFFWKTFTSC,Ac-AGCKNFFWKTFTSC-NH2,3,0.9209335446357727,2,results/2mi1_reduced_capped_ph75_20260924/start_06/production_120ps.pdb,part2-20260924-v1,cbd6d0cba08d88f651c50408195bd6dacb4a41224dc2a1e87ef859185fcc77ec,2mi1-reduced-md-ph75-v1,"Existing-site case, not new candidate design; related training fragments; score is not efficiency"
2mi1_start06_t120_C14,未指定（案例复核）,AGCKNFFWKTFTSC,Ac-AGCKNFFWKTFTSC-NH2,14,0.9932524561882019,1,results/2mi1_reduced_capped_ph75_20260924/start_06/production_120ps.pdb,part2-20260924-v1,cbd6d0cba08d88f651c50408195bd6dacb4a41224dc2a1e87ef859185fcc77ec,2mi1-reduced-md-ph75-v1,"Existing-site case, not new candidate design; related training fragments; score is not efficiency"
2mi1_start07_t030_C3,未指定（案例复核）,AGCKNFFWKTFTSC,Ac-AGCKNFFWKTFTSC-NH2,3,0.9563711881637573,2,results/2mi1_reduced_capped_ph75_20260924/start_07/production_030ps.pdb,part2-20260924-v1,cbd6d0cba08d88f651c50408195bd6dacb4a41224dc2a1e87ef859185fcc77ec,2mi1-reduced-md-ph75-v1,"Existing-site case, not new candidate design; related training fragments; score is not efficiency"
2mi1_start07_t030_C14,未指定（案例复核）,AGCKNFFWKTFTSC,Ac-AGCKNFFWKTFTSC-NH2,14,0.9904924035072327,1,results/2mi1_reduced_capped_ph75_20260924/start_07/production_030ps.pdb,part2-20260924-v1,cbd6d0cba08d88f651c50408195bd6dacb4a41224dc2a1e87ef859185fcc77ec,2mi1-reduced-md-ph75-v1,"Existing-site case, not new candidate design; related training fragments; score is not efficiency"
2mi1_start07_t040_C3,未指定（案例复核）,AGCKNFFWKTFTSC,Ac-AGCKNFFWKTFTSC-NH2,3,0.9797466993331909,2,results/2mi1_reduced_capped_ph75_20260924/start_07/production_040ps.pdb,part2-20260924-v1,cbd6d0cba08d88f651c50408195bd6dacb4a41224dc2a1e87ef859185fcc77ec,2mi1-reduced-md-ph75-v1,"Existing-site case, not new candidate design; related training fragments; score is not efficiency"
2mi1_start07_t040_C14,未指定（案例复核）,AGCKNFFWKTFTSC,Ac-AGCKNFFWKTFTSC-NH2,14,0.9916184544563293,1,results/2mi1_reduced_capped_ph75_20260924/start_07/production_040ps.pdb,part2-20260924-v1,cbd6d0cba08d88f651c50408195bd6dacb4a41224dc2a1e87ef859185fcc77ec,2mi1-reduced-md-ph75-v1,"Existing-site case, not new candidate design; related training fragments; score is not efficiency"
2mi1_start07_t050_C3,未指定（案例复核）,AGCKNFFWKTFTSC,Ac-AGCKNFFWKTFTSC-NH2,3,0.9178193211555481,2,results/2mi1_reduced_capped_ph75_20260924/start_07/production_050ps.pdb,part2-20260924-v1,cbd6d0cba08d88f651c50408195bd6dacb4a41224dc2a1e87ef859185fcc77ec,2mi1-reduced-md-ph75-v1,"Existing-site case, not new candidate design; related training fragments; score is not efficiency"
2mi1_start07_t050_C14,未指定（案例复核）,AGCKNFFWKTFTSC,Ac-AGCKNFFWKTFTSC-NH2,14,0.9703049063682556,1,results/2mi1_reduced_capped_ph75_20260924/start_07/production_050ps.pdb,part2-20260924-v1,cbd6d0cba08d88f651c50408195bd6dacb4a41224dc2a1e87ef859185fcc77ec,2mi1-reduced-md-ph75-v1,"Existing-site case, not new candidate design; related training fragments; score is not efficiency"
2mi1_start07_t060_C3,未指定（案例复核）,AGCKNFFWKTFTSC,Ac-AGCKNFFWKTFTSC-NH2,3,0.9296399354934692,2,results/2mi1_reduced_capped_ph75_20260924/start_07/production_060ps.pdb,part2-20260924-v1,cbd6d0cba08d88f651c50408195bd6dacb4a41224dc2a1e87ef859185fcc77ec,2mi1-reduced-md-ph75-v1,"Existing-site case, not new candidate design; related training fragments; score is not efficiency"
2mi1_start07_t060_C14,未指定（案例复核）,AGCKNFFWKTFTSC,Ac-AGCKNFFWKTFTSC-NH2,14,0.9832216501235962,1,results/2mi1_reduced_capped_ph75_20260924/start_07/production_060ps.pdb,part2-20260924-v1,cbd6d0cba08d88f651c50408195bd6dacb4a41224dc2a1e87ef859185fcc77ec,2mi1-reduced-md-ph75-v1,"Existing-site case, not new candidate design; related training fragments; score is not efficiency"
2mi1_start07_t070_C3,未指定（案例复核）,AGCKNFFWKTFTSC,Ac-AGCKNFFWKTFTSC-NH2,3,0.9923721551895142,1,results/2mi1_reduced_capped_ph75_20260924/start_07/production_070ps.pdb,part2-20260924-v1,cbd6d0cba08d88f651c50408195bd6dacb4a41224dc2a1e87ef859185fcc77ec,2mi1-reduced-md-ph75-v1,"Existing-site case, not new candidate design; related training fragments; score is not efficiency"
2mi1_start07_t070_C14,未指定（案例复核）,AGCKNFFWKTFTSC,Ac-AGCKNFFWKTFTSC-NH2,14,0.9790661931037903,2,results/2mi1_reduced_capped_ph75_20260924/start_07/production_070ps.pdb,part2-20260924-v1,cbd6d0cba08d88f651c50408195bd6dacb4a41224dc2a1e87ef859185fcc77ec,2mi1-reduced-md-ph75-v1,"Existing-site case, not new candidate design; related training fragments; score is not efficiency"
2mi1_start07_t080_C3,未指定（案例复核）,AGCKNFFWKTFTSC,Ac-AGCKNFFWKTFTSC-NH2,3,0.9814648032188416,1,results/2mi1_reduced_capped_ph75_20260924/start_07/production_080ps.pdb,part2-20260924-v1,cbd6d0cba08d88f651c50408195bd6dacb4a41224dc2a1e87ef859185fcc77ec,2mi1-reduced-md-ph75-v1,"Existing-site case, not new candidate design; related training fragments; score is not efficiency"
2mi1_start07_t080_C14,未指定（案例复核）,AGCKNFFWKTFTSC,Ac-AGCKNFFWKTFTSC-NH2,14,0.9314132928848267,2,results/2mi1_reduced_capped_ph75_20260924/start_07/production_080ps.pdb,part2-20260924-v1,cbd6d0cba08d88f651c50408195bd6dacb4a41224dc2a1e87ef859185fcc77ec,2mi1-reduced-md-ph75-v1,"Existing-site case, not new candidate design; related training fragments; score is not efficiency"
2mi1_start07_t090_C3,未指定（案例复核）,AGCKNFFWKTFTSC,Ac-AGCKNFFWKTFTSC-NH2,3,0.964834988117218,2,results/2mi1_reduced_capped_ph75_20260924/start_07/production_090ps.pdb,part2-20260924-v1,cbd6d0cba08d88f651c50408195bd6dacb4a41224dc2a1e87ef859185fcc77ec,2mi1-reduced-md-ph75-v1,"Existing-site case, not new candidate design; related training fragments; score is not efficiency"
2mi1_start07_t090_C14,未指定（案例复核）,AGCKNFFWKTFTSC,Ac-AGCKNFFWKTFTSC-NH2,14,0.9910298585891724,1,results/2mi1_reduced_capped_ph75_20260924/start_07/production_090ps.pdb,part2-20260924-v1,cbd6d0cba08d88f651c50408195bd6dacb4a41224dc2a1e87ef859185fcc77ec,2mi1-reduced-md-ph75-v1,"Existing-site case, not new candidate design; related training fragments; score is not efficiency"
2mi1_start07_t100_C3,未指定（案例复核）,AGCKNFFWKTFTSC,Ac-AGCKNFFWKTFTSC-NH2,3,0.9631785154342651,2,results/2mi1_reduced_capped_ph75_20260924/start_07/production_100ps.pdb,part2-20260924-v1,cbd6d0cba08d88f651c50408195bd6dacb4a41224dc2a1e87ef859185fcc77ec,2mi1-reduced-md-ph75-v1,"Existing-site case, not new candidate design; related training fragments; score is not efficiency"
2mi1_start07_t100_C14,未指定（案例复核）,AGCKNFFWKTFTSC,Ac-AGCKNFFWKTFTSC-NH2,14,0.9682460427284241,1,results/2mi1_reduced_capped_ph75_20260924/start_07/production_100ps.pdb,part2-20260924-v1,cbd6d0cba08d88f651c50408195bd6dacb4a41224dc2a1e87ef859185fcc77ec,2mi1-reduced-md-ph75-v1,"Existing-site case, not new candidate design; related training fragments; score is not efficiency"
2mi1_start07_t110_C3,未指定（案例复核）,AGCKNFFWKTFTSC,Ac-AGCKNFFWKTFTSC-NH2,3,0.9160964488983154,2,results/2mi1_reduced_capped_ph75_20260924/start_07/production_110ps.pdb,part2-20260924-v1,cbd6d0cba08d88f651c50408195bd6dacb4a41224dc2a1e87ef859185fcc77ec,2mi1-reduced-md-ph75-v1,"Existing-site case, not new candidate design; related training fragments; score is not efficiency"
2mi1_start07_t110_C14,未指定（案例复核）,AGCKNFFWKTFTSC,Ac-AGCKNFFWKTFTSC-NH2,14,0.971622884273529,1,results/2mi1_reduced_capped_ph75_20260924/start_07/production_110ps.pdb,part2-20260924-v1,cbd6d0cba08d88f651c50408195bd6dacb4a41224dc2a1e87ef859185fcc77ec,2mi1-reduced-md-ph75-v1,"Existing-site case, not new candidate design; related training fragments; score is not efficiency"
2mi1_start07_t120_C3,未指定（案例复核）,AGCKNFFWKTFTSC,Ac-AGCKNFFWKTFTSC-NH2,3,0.9623094201087952,2,results/2mi1_reduced_capped_ph75_20260924/start_07/production_120ps.pdb,part2-20260924-v1,cbd6d0cba08d88f651c50408195bd6dacb4a41224dc2a1e87ef859185fcc77ec,2mi1-reduced-md-ph75-v1,"Existing-site case, not new candidate design; related training fragments; score is not efficiency"
2mi1_start07_t120_C14,未指定（案例复核）,AGCKNFFWKTFTSC,Ac-AGCKNFFWKTFTSC-NH2,14,0.9665116667747498,1,results/2mi1_reduced_capped_ph75_20260924/start_07/production_120ps.pdb,part2-20260924-v1,cbd6d0cba08d88f651c50408195bd6dacb4a41224dc2a1e87ef859185fcc77ec,2mi1-reduced-md-ph75-v1,"Existing-site case, not new candidate design; related training fragments; score is not efficiency"
2mi1_start08_t030_C3,未指定（案例复核）,AGCKNFFWKTFTSC,Ac-AGCKNFFWKTFTSC-NH2,3,0.7976020574569702,2,results/2mi1_reduced_capped_ph75_20260924/start_08/production_030ps.pdb,part2-20260924-v1,cbd6d0cba08d88f651c50408195bd6dacb4a41224dc2a1e87ef859185fcc77ec,2mi1-reduced-md-ph75-v1,"Existing-site case, not new candidate design; related training fragments; score is not efficiency"
2mi1_start08_t030_C14,未指定（案例复核）,AGCKNFFWKTFTSC,Ac-AGCKNFFWKTFTSC-NH2,14,0.9959554672241211,1,results/2mi1_reduced_capped_ph75_20260924/start_08/production_030ps.pdb,part2-20260924-v1,cbd6d0cba08d88f651c50408195bd6dacb4a41224dc2a1e87ef859185fcc77ec,2mi1-reduced-md-ph75-v1,"Existing-site case, not new candidate design; related training fragments; score is not efficiency"
2mi1_start08_t040_C3,未指定（案例复核）,AGCKNFFWKTFTSC,Ac-AGCKNFFWKTFTSC-NH2,3,0.8911483287811279,2,results/2mi1_reduced_capped_ph75_20260924/start_08/production_040ps.pdb,part2-20260924-v1,cbd6d0cba08d88f651c50408195bd6dacb4a41224dc2a1e87ef859185fcc77ec,2mi1-reduced-md-ph75-v1,"Existing-site case, not new candidate design; related training fragments; score is not efficiency"
2mi1_start08_t040_C14,未指定（案例复核）,AGCKNFFWKTFTSC,Ac-AGCKNFFWKTFTSC-NH2,14,0.9973676800727844,1,results/2mi1_reduced_capped_ph75_20260924/start_08/production_040ps.pdb,part2-20260924-v1,cbd6d0cba08d88f651c50408195bd6dacb4a41224dc2a1e87ef859185fcc77ec,2mi1-reduced-md-ph75-v1,"Existing-site case, not new candidate design; related training fragments; score is not efficiency"
2mi1_start08_t050_C3,未指定（案例复核）,AGCKNFFWKTFTSC,Ac-AGCKNFFWKTFTSC-NH2,3,0.7733072638511658,2,results/2mi1_reduced_capped_ph75_20260924/start_08/production_050ps.pdb,part2-20260924-v1,cbd6d0cba08d88f651c50408195bd6dacb4a41224dc2a1e87ef859185fcc77ec,2mi1-reduced-md-ph75-v1,"Existing-site case, not new candidate design; related training fragments; score is not efficiency"
2mi1_start08_t050_C14,未指定（案例复核）,AGCKNFFWKTFTSC,Ac-AGCKNFFWKTFTSC-NH2,14,0.9958362579345703,1,results/2mi1_reduced_capped_ph75_20260924/start_08/production_050ps.pdb,part2-20260924-v1,cbd6d0cba08d88f651c50408195bd6dacb4a41224dc2a1e87ef859185fcc77ec,2mi1-reduced-md-ph75-v1,"Existing-site case, not new candidate design; related training fragments; score is not efficiency"
2mi1_start08_t060_C3,未指定（案例复核）,AGCKNFFWKTFTSC,Ac-AGCKNFFWKTFTSC-NH2,3,0.8014920949935913,2,results/2mi1_reduced_capped_ph75_20260924/start_08/production_060ps.pdb,part2-20260924-v1,cbd6d0cba08d88f651c50408195bd6dacb4a41224dc2a1e87ef859185fcc77ec,2mi1-reduced-md-ph75-v1,"Existing-site case, not new candidate design; related training fragments; score is not efficiency"
2mi1_start08_t060_C14,未指定（案例复核）,AGCKNFFWKTFTSC,Ac-AGCKNFFWKTFTSC-NH2,14,0.994579553604126,1,results/2mi1_reduced_capped_ph75_20260924/start_08/production_060ps.pdb,part2-20260924-v1,cbd6d0cba08d88f651c50408195bd6dacb4a41224dc2a1e87ef859185fcc77ec,2mi1-reduced-md-ph75-v1,"Existing-site case, not new candidate design; related training fragments; score is not efficiency"
2mi1_start08_t070_C3,未指定（案例复核）,AGCKNFFWKTFTSC,Ac-AGCKNFFWKTFTSC-NH2,3,0.9505339860916138,2,results/2mi1_reduced_capped_ph75_20260924/start_08/production_070ps.pdb,part2-20260924-v1,cbd6d0cba08d88f651c50408195bd6dacb4a41224dc2a1e87ef859185fcc77ec,2mi1-reduced-md-ph75-v1,"Existing-site case, not new candidate design; related training fragments; score is not efficiency"
2mi1_start08_t070_C14,未指定（案例复核）,AGCKNFFWKTFTSC,Ac-AGCKNFFWKTFTSC-NH2,14,0.9957984089851379,1,results/2mi1_reduced_capped_ph75_20260924/start_08/production_070ps.pdb,part2-20260924-v1,cbd6d0cba08d88f651c50408195bd6dacb4a41224dc2a1e87ef859185fcc77ec,2mi1-reduced-md-ph75-v1,"Existing-site case, not new candidate design; related training fragments; score is not efficiency"
2mi1_start08_t080_C3,未指定（案例复核）,AGCKNFFWKTFTSC,Ac-AGCKNFFWKTFTSC-NH2,3,0.8541675806045532,2,results/2mi1_reduced_capped_ph75_20260924/start_08/production_080ps.pdb,part2-20260924-v1,cbd6d0cba08d88f651c50408195bd6dacb4a41224dc2a1e87ef859185fcc77ec,2mi1-reduced-md-ph75-v1,"Existing-site case, not new candidate design; related training fragments; score is not efficiency"
2mi1_start08_t080_C14,未指定（案例复核）,AGCKNFFWKTFTSC,Ac-AGCKNFFWKTFTSC-NH2,14,0.9945691823959351,1,results/2mi1_reduced_capped_ph75_20260924/start_08/production_080ps.pdb,part2-20260924-v1,cbd6d0cba08d88f651c50408195bd6dacb4a41224dc2a1e87ef859185fcc77ec,2mi1-reduced-md-ph75-v1,"Existing-site case, not new candidate design; related training fragments; score is not efficiency"
2mi1_start08_t090_C3,未指定（案例复核）,AGCKNFFWKTFTSC,Ac-AGCKNFFWKTFTSC-NH2,3,0.7988247275352478,2,results/2mi1_reduced_capped_ph75_20260924/start_08/production_090ps.pdb,part2-20260924-v1,cbd6d0cba08d88f651c50408195bd6dacb4a41224dc2a1e87ef859185fcc77ec,2mi1-reduced-md-ph75-v1,"Existing-site case, not new candidate design; related training fragments; score is not efficiency"
2mi1_start08_t090_C14,未指定（案例复核）,AGCKNFFWKTFTSC,Ac-AGCKNFFWKTFTSC-NH2,14,0.9919716119766235,1,results/2mi1_reduced_capped_ph75_20260924/start_08/production_090ps.pdb,part2-20260924-v1,cbd6d0cba08d88f651c50408195bd6dacb4a41224dc2a1e87ef859185fcc77ec,2mi1-reduced-md-ph75-v1,"Existing-site case, not new candidate design; related training fragments; score is not efficiency"
2mi1_start08_t100_C3,未指定（案例复核）,AGCKNFFWKTFTSC,Ac-AGCKNFFWKTFTSC-NH2,3,0.6893849968910217,2,results/2mi1_reduced_capped_ph75_20260924/start_08/production_100ps.pdb,part2-20260924-v1,cbd6d0cba08d88f651c50408195bd6dacb4a41224dc2a1e87ef859185fcc77ec,2mi1-reduced-md-ph75-v1,"Existing-site case, not new candidate design; related training fragments; score is not efficiency"
2mi1_start08_t100_C14,未指定（案例复核）,AGCKNFFWKTFTSC,Ac-AGCKNFFWKTFTSC-NH2,14,0.9921878576278687,1,results/2mi1_reduced_capped_ph75_20260924/start_08/production_100ps.pdb,part2-20260924-v1,cbd6d0cba08d88f651c50408195bd6dacb4a41224dc2a1e87ef859185fcc77ec,2mi1-reduced-md-ph75-v1,"Existing-site case, not new candidate design; related training fragments; score is not efficiency"
2mi1_start08_t110_C3,未指定（案例复核）,AGCKNFFWKTFTSC,Ac-AGCKNFFWKTFTSC-NH2,3,0.8957984447479248,2,results/2mi1_reduced_capped_ph75_20260924/start_08/production_110ps.pdb,part2-20260924-v1,cbd6d0cba08d88f651c50408195bd6dacb4a41224dc2a1e87ef859185fcc77ec,2mi1-reduced-md-ph75-v1,"Existing-site case, not new candidate design; related training fragments; score is not efficiency"
2mi1_start08_t110_C14,未指定（案例复核）,AGCKNFFWKTFTSC,Ac-AGCKNFFWKTFTSC-NH2,14,0.995306670665741,1,results/2mi1_reduced_capped_ph75_20260924/start_08/production_110ps.pdb,part2-20260924-v1,cbd6d0cba08d88f651c50408195bd6dacb4a41224dc2a1e87ef859185fcc77ec,2mi1-reduced-md-ph75-v1,"Existing-site case, not new candidate design; related training fragments; score is not efficiency"
2mi1_start08_t120_C3,未指定（案例复核）,AGCKNFFWKTFTSC,Ac-AGCKNFFWKTFTSC-NH2,3,0.6529154181480408,2,results/2mi1_reduced_capped_ph75_20260924/start_08/production_120ps.pdb,part2-20260924-v1,cbd6d0cba08d88f651c50408195bd6dacb4a41224dc2a1e87ef859185fcc77ec,2mi1-reduced-md-ph75-v1,"Existing-site case, not new candidate design; related training fragments; score is not efficiency"
2mi1_start08_t120_C14,未指定（案例复核）,AGCKNFFWKTFTSC,Ac-AGCKNFFWKTFTSC-NH2,14,0.9927527904510498,1,results/2mi1_reduced_capped_ph75_20260924/start_08/production_120ps.pdb,part2-20260924-v1,cbd6d0cba08d88f651c50408195bd6dacb4a41224dc2a1e87ef859185fcc77ec,2mi1-reduced-md-ph75-v1,"Existing-site case, not new candidate design; related training fragments; score is not efficiency"
2mi1_start09_t030_C3,未指定（案例复核）,AGCKNFFWKTFTSC,Ac-AGCKNFFWKTFTSC-NH2,3,0.6391674876213074,2,results/2mi1_reduced_capped_ph75_20260924/start_09/production_030ps.pdb,part2-20260924-v1,cbd6d0cba08d88f651c50408195bd6dacb4a41224dc2a1e87ef859185fcc77ec,2mi1-reduced-md-ph75-v1,"Existing-site case, not new candidate design; related training fragments; score is not efficiency"
2mi1_start09_t030_C14,未指定（案例复核）,AGCKNFFWKTFTSC,Ac-AGCKNFFWKTFTSC-NH2,14,0.9878673553466797,1,results/2mi1_reduced_capped_ph75_20260924/start_09/production_030ps.pdb,part2-20260924-v1,cbd6d0cba08d88f651c50408195bd6dacb4a41224dc2a1e87ef859185fcc77ec,2mi1-reduced-md-ph75-v1,"Existing-site case, not new candidate design; related training fragments; score is not efficiency"
2mi1_start09_t040_C3,未指定（案例复核）,AGCKNFFWKTFTSC,Ac-AGCKNFFWKTFTSC-NH2,3,0.7356200814247131,2,results/2mi1_reduced_capped_ph75_20260924/start_09/production_040ps.pdb,part2-20260924-v1,cbd6d0cba08d88f651c50408195bd6dacb4a41224dc2a1e87ef859185fcc77ec,2mi1-reduced-md-ph75-v1,"Existing-site case, not new candidate design; related training fragments; score is not efficiency"
2mi1_start09_t040_C14,未指定（案例复核）,AGCKNFFWKTFTSC,Ac-AGCKNFFWKTFTSC-NH2,14,0.9931507110595703,1,results/2mi1_reduced_capped_ph75_20260924/start_09/production_040ps.pdb,part2-20260924-v1,cbd6d0cba08d88f651c50408195bd6dacb4a41224dc2a1e87ef859185fcc77ec,2mi1-reduced-md-ph75-v1,"Existing-site case, not new candidate design; related training fragments; score is not efficiency"
2mi1_start09_t050_C3,未指定（案例复核）,AGCKNFFWKTFTSC,Ac-AGCKNFFWKTFTSC-NH2,3,0.7229231595993042,2,results/2mi1_reduced_capped_ph75_20260924/start_09/production_050ps.pdb,part2-20260924-v1,cbd6d0cba08d88f651c50408195bd6dacb4a41224dc2a1e87ef859185fcc77ec,2mi1-reduced-md-ph75-v1,"Existing-site case, not new candidate design; related training fragments; score is not efficiency"
2mi1_start09_t050_C14,未指定（案例复核）,AGCKNFFWKTFTSC,Ac-AGCKNFFWKTFTSC-NH2,14,0.9909274578094482,1,results/2mi1_reduced_capped_ph75_20260924/start_09/production_050ps.pdb,part2-20260924-v1,cbd6d0cba08d88f651c50408195bd6dacb4a41224dc2a1e87ef859185fcc77ec,2mi1-reduced-md-ph75-v1,"Existing-site case, not new candidate design; related training fragments; score is not efficiency"
2mi1_start09_t060_C3,未指定（案例复核）,AGCKNFFWKTFTSC,Ac-AGCKNFFWKTFTSC-NH2,3,0.8795480132102966,2,results/2mi1_reduced_capped_ph75_20260924/start_09/production_060ps.pdb,part2-20260924-v1,cbd6d0cba08d88f651c50408195bd6dacb4a41224dc2a1e87ef859185fcc77ec,2mi1-reduced-md-ph75-v1,"Existing-site case, not new candidate design; related training fragments; score is not efficiency"
2mi1_start09_t060_C14,未指定（案例复核）,AGCKNFFWKTFTSC,Ac-AGCKNFFWKTFTSC-NH2,14,0.9781986474990845,1,results/2mi1_reduced_capped_ph75_20260924/start_09/production_060ps.pdb,part2-20260924-v1,cbd6d0cba08d88f651c50408195bd6dacb4a41224dc2a1e87ef859185fcc77ec,2mi1-reduced-md-ph75-v1,"Existing-site case, not new candidate design; related training fragments; score is not efficiency"
2mi1_start09_t070_C3,未指定（案例复核）,AGCKNFFWKTFTSC,Ac-AGCKNFFWKTFTSC-NH2,3,0.8400281071662903,2,results/2mi1_reduced_capped_ph75_20260924/start_09/production_070ps.pdb,part2-20260924-v1,cbd6d0cba08d88f651c50408195bd6dacb4a41224dc2a1e87ef859185fcc77ec,2mi1-reduced-md-ph75-v1,"Existing-site case, not new candidate design; related training fragments; score is not efficiency"
2mi1_start09_t070_C14,未指定（案例复核）,AGCKNFFWKTFTSC,Ac-AGCKNFFWKTFTSC-NH2,14,0.9805001020431519,1,results/2mi1_reduced_capped_ph75_20260924/start_09/production_070ps.pdb,part2-20260924-v1,cbd6d0cba08d88f651c50408195bd6dacb4a41224dc2a1e87ef859185fcc77ec,2mi1-reduced-md-ph75-v1,"Existing-site case, not new candidate design; related training fragments; score is not efficiency"
2mi1_start09_t080_C3,未指定（案例复核）,AGCKNFFWKTFTSC,Ac-AGCKNFFWKTFTSC-NH2,3,0.8856388330459595,2,results/2mi1_reduced_capped_ph75_20260924/start_09/production_080ps.pdb,part2-20260924-v1,cbd6d0cba08d88f651c50408195bd6dacb4a41224dc2a1e87ef859185fcc77ec,2mi1-reduced-md-ph75-v1,"Existing-site case, not new candidate design; related training fragments; score is not efficiency"
2mi1_start09_t080_C14,未指定（案例复核）,AGCKNFFWKTFTSC,Ac-AGCKNFFWKTFTSC-NH2,14,0.9907051920890808,1,results/2mi1_reduced_capped_ph75_20260924/start_09/production_080ps.pdb,part2-20260924-v1,cbd6d0cba08d88f651c50408195bd6dacb4a41224dc2a1e87ef859185fcc77ec,2mi1-reduced-md-ph75-v1,"Existing-site case, not new candidate design; related training fragments; score is not efficiency"
2mi1_start09_t090_C3,未指定（案例复核）,AGCKNFFWKTFTSC,Ac-AGCKNFFWKTFTSC-NH2,3,0.9277176856994629,2,results/2mi1_reduced_capped_ph75_20260924/start_09/production_090ps.pdb,part2-20260924-v1,cbd6d0cba08d88f651c50408195bd6dacb4a41224dc2a1e87ef859185fcc77ec,2mi1-reduced-md-ph75-v1,"Existing-site case, not new candidate design; related training fragments; score is not efficiency"
2mi1_start09_t090_C14,未指定（案例复核）,AGCKNFFWKTFTSC,Ac-AGCKNFFWKTFTSC-NH2,14,0.9885501265525818,1,results/2mi1_reduced_capped_ph75_20260924/start_09/production_090ps.pdb,part2-20260924-v1,cbd6d0cba08d88f651c50408195bd6dacb4a41224dc2a1e87ef859185fcc77ec,2mi1-reduced-md-ph75-v1,"Existing-site case, not new candidate design; related training fragments; score is not efficiency"
2mi1_start09_t100_C3,未指定（案例复核）,AGCKNFFWKTFTSC,Ac-AGCKNFFWKTFTSC-NH2,3,0.8889933824539185,2,results/2mi1_reduced_capped_ph75_20260924/start_09/production_100ps.pdb,part2-20260924-v1,cbd6d0cba08d88f651c50408195bd6dacb4a41224dc2a1e87ef859185fcc77ec,2mi1-reduced-md-ph75-v1,"Existing-site case, not new candidate design; related training fragments; score is not efficiency"
2mi1_start09_t100_C14,未指定（案例复核）,AGCKNFFWKTFTSC,Ac-AGCKNFFWKTFTSC-NH2,14,0.9625998139381409,1,results/2mi1_reduced_capped_ph75_20260924/start_09/production_100ps.pdb,part2-20260924-v1,cbd6d0cba08d88f651c50408195bd6dacb4a41224dc2a1e87ef859185fcc77ec,2mi1-reduced-md-ph75-v1,"Existing-site case, not new candidate design; related training fragments; score is not efficiency"
2mi1_start09_t110_C3,未指定（案例复核）,AGCKNFFWKTFTSC,Ac-AGCKNFFWKTFTSC-NH2,3,0.883379340171814,2,results/2mi1_reduced_capped_ph75_20260924/start_09/production_110ps.pdb,part2-20260924-v1,cbd6d0cba08d88f651c50408195bd6dacb4a41224dc2a1e87ef859185fcc77ec,2mi1-reduced-md-ph75-v1,"Existing-site case, not new candidate design; related training fragments; score is not efficiency"
2mi1_start09_t110_C14,未指定（案例复核）,AGCKNFFWKTFTSC,Ac-AGCKNFFWKTFTSC-NH2,14,0.9860230684280396,1,results/2mi1_reduced_capped_ph75_20260924/start_09/production_110ps.pdb,part2-20260924-v1,cbd6d0cba08d88f651c50408195bd6dacb4a41224dc2a1e87ef859185fcc77ec,2mi1-reduced-md-ph75-v1,"Existing-site case, not new candidate design; related training fragments; score is not efficiency"
2mi1_start09_t120_C3,未指定（案例复核）,AGCKNFFWKTFTSC,Ac-AGCKNFFWKTFTSC-NH2,3,0.9325907230377197,2,results/2mi1_reduced_capped_ph75_20260924/start_09/production_120ps.pdb,part2-20260924-v1,cbd6d0cba08d88f651c50408195bd6dacb4a41224dc2a1e87ef859185fcc77ec,2mi1-reduced-md-ph75-v1,"Existing-site case, not new candidate design; related training fragments; score is not efficiency"
2mi1_start09_t120_C14,未指定（案例复核）,AGCKNFFWKTFTSC,Ac-AGCKNFFWKTFTSC-NH2,14,0.9812584519386292,1,results/2mi1_reduced_capped_ph75_20260924/start_09/production_120ps.pdb,part2-20260924-v1,cbd6d0cba08d88f651c50408195bd6dacb4a41224dc2a1e87ef859185fcc77ec,2mi1-reduced-md-ph75-v1,"Existing-site case, not new candidate design; related training fragments; score is not efficiency"
2mi1_start10_t030_C3,未指定（案例复核）,AGCKNFFWKTFTSC,Ac-AGCKNFFWKTFTSC-NH2,3,0.9770532846450806,1,results/2mi1_reduced_capped_ph75_20260924/start_10/production_030ps.pdb,part2-20260924-v1,cbd6d0cba08d88f651c50408195bd6dacb4a41224dc2a1e87ef859185fcc77ec,2mi1-reduced-md-ph75-v1,"Existing-site case, not new candidate design; related training fragments; score is not efficiency"
2mi1_start10_t030_C14,未指定（案例复核）,AGCKNFFWKTFTSC,Ac-AGCKNFFWKTFTSC-NH2,14,0.9721719026565552,2,results/2mi1_reduced_capped_ph75_20260924/start_10/production_030ps.pdb,part2-20260924-v1,cbd6d0cba08d88f651c50408195bd6dacb4a41224dc2a1e87ef859185fcc77ec,2mi1-reduced-md-ph75-v1,"Existing-site case, not new candidate design; related training fragments; score is not efficiency"
2mi1_start10_t040_C3,未指定（案例复核）,AGCKNFFWKTFTSC,Ac-AGCKNFFWKTFTSC-NH2,3,0.9797075986862183,1,results/2mi1_reduced_capped_ph75_20260924/start_10/production_040ps.pdb,part2-20260924-v1,cbd6d0cba08d88f651c50408195bd6dacb4a41224dc2a1e87ef859185fcc77ec,2mi1-reduced-md-ph75-v1,"Existing-site case, not new candidate design; related training fragments; score is not efficiency"
2mi1_start10_t040_C14,未指定（案例复核）,AGCKNFFWKTFTSC,Ac-AGCKNFFWKTFTSC-NH2,14,0.9785511493682861,2,results/2mi1_reduced_capped_ph75_20260924/start_10/production_040ps.pdb,part2-20260924-v1,cbd6d0cba08d88f651c50408195bd6dacb4a41224dc2a1e87ef859185fcc77ec,2mi1-reduced-md-ph75-v1,"Existing-site case, not new candidate design; related training fragments; score is not efficiency"
2mi1_start10_t050_C3,未指定（案例复核）,AGCKNFFWKTFTSC,Ac-AGCKNFFWKTFTSC-NH2,3,0.9848850965499878,1,results/2mi1_reduced_capped_ph75_20260924/start_10/production_050ps.pdb,part2-20260924-v1,cbd6d0cba08d88f651c50408195bd6dacb4a41224dc2a1e87ef859185fcc77ec,2mi1-reduced-md-ph75-v1,"Existing-site case, not new candidate design; related training fragments; score is not efficiency"
2mi1_start10_t050_C14,未指定（案例复核）,AGCKNFFWKTFTSC,Ac-AGCKNFFWKTFTSC-NH2,14,0.9836474061012268,2,results/2mi1_reduced_capped_ph75_20260924/start_10/production_050ps.pdb,part2-20260924-v1,cbd6d0cba08d88f651c50408195bd6dacb4a41224dc2a1e87ef859185fcc77ec,2mi1-reduced-md-ph75-v1,"Existing-site case, not new candidate design; related training fragments; score is not efficiency"
2mi1_start10_t060_C3,未指定（案例复核）,AGCKNFFWKTFTSC,Ac-AGCKNFFWKTFTSC-NH2,3,0.9737312197685242,2,results/2mi1_reduced_capped_ph75_20260924/start_10/production_060ps.pdb,part2-20260924-v1,cbd6d0cba08d88f651c50408195bd6dacb4a41224dc2a1e87ef859185fcc77ec,2mi1-reduced-md-ph75-v1,"Existing-site case, not new candidate design; related training fragments; score is not efficiency"
2mi1_start10_t060_C14,未指定（案例复核）,AGCKNFFWKTFTSC,Ac-AGCKNFFWKTFTSC-NH2,14,0.9859486818313599,1,results/2mi1_reduced_capped_ph75_20260924/start_10/production_060ps.pdb,part2-20260924-v1,cbd6d0cba08d88f651c50408195bd6dacb4a41224dc2a1e87ef859185fcc77ec,2mi1-reduced-md-ph75-v1,"Existing-site case, not new candidate design; related training fragments; score is not efficiency"
2mi1_start10_t070_C3,未指定（案例复核）,AGCKNFFWKTFTSC,Ac-AGCKNFFWKTFTSC-NH2,3,0.9738871455192566,2,results/2mi1_reduced_capped_ph75_20260924/start_10/production_070ps.pdb,part2-20260924-v1,cbd6d0cba08d88f651c50408195bd6dacb4a41224dc2a1e87ef859185fcc77ec,2mi1-reduced-md-ph75-v1,"Existing-site case, not new candidate design; related training fragments; score is not efficiency"
2mi1_start10_t070_C14,未指定（案例复核）,AGCKNFFWKTFTSC,Ac-AGCKNFFWKTFTSC-NH2,14,0.9757023453712463,1,results/2mi1_reduced_capped_ph75_20260924/start_10/production_070ps.pdb,part2-20260924-v1,cbd6d0cba08d88f651c50408195bd6dacb4a41224dc2a1e87ef859185fcc77ec,2mi1-reduced-md-ph75-v1,"Existing-site case, not new candidate design; related training fragments; score is not efficiency"
2mi1_start10_t080_C3,未指定（案例复核）,AGCKNFFWKTFTSC,Ac-AGCKNFFWKTFTSC-NH2,3,0.9776158928871155,2,results/2mi1_reduced_capped_ph75_20260924/start_10/production_080ps.pdb,part2-20260924-v1,cbd6d0cba08d88f651c50408195bd6dacb4a41224dc2a1e87ef859185fcc77ec,2mi1-reduced-md-ph75-v1,"Existing-site case, not new candidate design; related training fragments; score is not efficiency"
2mi1_start10_t080_C14,未指定（案例复核）,AGCKNFFWKTFTSC,Ac-AGCKNFFWKTFTSC-NH2,14,0.9863203167915344,1,results/2mi1_reduced_capped_ph75_20260924/start_10/production_080ps.pdb,part2-20260924-v1,cbd6d0cba08d88f651c50408195bd6dacb4a41224dc2a1e87ef859185fcc77ec,2mi1-reduced-md-ph75-v1,"Existing-site case, not new candidate design; related training fragments; score is not efficiency"
2mi1_start10_t090_C3,未指定（案例复核）,AGCKNFFWKTFTSC,Ac-AGCKNFFWKTFTSC-NH2,3,0.9579335451126099,2,results/2mi1_reduced_capped_ph75_20260924/start_10/production_090ps.pdb,part2-20260924-v1,cbd6d0cba08d88f651c50408195bd6dacb4a41224dc2a1e87ef859185fcc77ec,2mi1-reduced-md-ph75-v1,"Existing-site case, not new candidate design; related training fragments; score is not efficiency"
2mi1_start10_t090_C14,未指定（案例复核）,AGCKNFFWKTFTSC,Ac-AGCKNFFWKTFTSC-NH2,14,0.9902220964431763,1,results/2mi1_reduced_capped_ph75_20260924/start_10/production_090ps.pdb,part2-20260924-v1,cbd6d0cba08d88f651c50408195bd6dacb4a41224dc2a1e87ef859185fcc77ec,2mi1-reduced-md-ph75-v1,"Existing-site case, not new candidate design; related training fragments; score is not efficiency"
2mi1_start10_t100_C3,未指定（案例复核）,AGCKNFFWKTFTSC,Ac-AGCKNFFWKTFTSC-NH2,3,0.9527992010116577,2,results/2mi1_reduced_capped_ph75_20260924/start_10/production_100ps.pdb,part2-20260924-v1,cbd6d0cba08d88f651c50408195bd6dacb4a41224dc2a1e87ef859185fcc77ec,2mi1-reduced-md-ph75-v1,"Existing-site case, not new candidate design; related training fragments; score is not efficiency"
2mi1_start10_t100_C14,未指定（案例复核）,AGCKNFFWKTFTSC,Ac-AGCKNFFWKTFTSC-NH2,14,0.9763708114624023,1,results/2mi1_reduced_capped_ph75_20260924/start_10/production_100ps.pdb,part2-20260924-v1,cbd6d0cba08d88f651c50408195bd6dacb4a41224dc2a1e87ef859185fcc77ec,2mi1-reduced-md-ph75-v1,"Existing-site case, not new candidate design; related training fragments; score is not efficiency"
2mi1_start10_t110_C3,未指定（案例复核）,AGCKNFFWKTFTSC,Ac-AGCKNFFWKTFTSC-NH2,3,0.9640493392944336,1,results/2mi1_reduced_capped_ph75_20260924/start_10/production_110ps.pdb,part2-20260924-v1,cbd6d0cba08d88f651c50408195bd6dacb4a41224dc2a1e87ef859185fcc77ec,2mi1-reduced-md-ph75-v1,"Existing-site case, not new candidate design; related training fragments; score is not efficiency"
2mi1_start10_t110_C14,未指定（案例复核）,AGCKNFFWKTFTSC,Ac-AGCKNFFWKTFTSC-NH2,14,0.9607955813407898,2,results/2mi1_reduced_capped_ph75_20260924/start_10/production_110ps.pdb,part2-20260924-v1,cbd6d0cba08d88f651c50408195bd6dacb4a41224dc2a1e87ef859185fcc77ec,2mi1-reduced-md-ph75-v1,"Existing-site case, not new candidate design; related training fragments; score is not efficiency"
2mi1_start10_t120_C3,未指定（案例复核）,AGCKNFFWKTFTSC,Ac-AGCKNFFWKTFTSC-NH2,3,0.9536388516426086,2,results/2mi1_reduced_capped_ph75_20260924/start_10/production_120ps.pdb,part2-20260924-v1,cbd6d0cba08d88f651c50408195bd6dacb4a41224dc2a1e87ef859185fcc77ec,2mi1-reduced-md-ph75-v1,"Existing-site case, not new candidate design; related training fragments; score is not efficiency"
2mi1_start10_t120_C14,未指定（案例复核）,AGCKNFFWKTFTSC,Ac-AGCKNFFWKTFTSC-NH2,14,0.9761872887611389,1,results/2mi1_reduced_capped_ph75_20260924/start_10/production_120ps.pdb,part2-20260924-v1,cbd6d0cba08d88f651c50408195bd6dacb4a41224dc2a1e87ef859185fcc77ec,2mi1-reduced-md-ph75-v1,"Existing-site case, not new candidate design; related training fragments; score is not efficiency"
