record_id,start,structure_file,old_cys3,old_cys14,new_cys3,new_cys14,new_cys3_higher,model_version,scope
start_01_production_030ps,1,results/2mi1_reduced_capped_ph75_20260924/start_01/production_030ps.pdb,0.8698707222938538,0.9826739430427551,0.976326584815979,0.6869135499000549,True,sst-ranking-20260924-v1,training_resubstitution_not_independent_validation
start_01_production_040ps,1,results/2mi1_reduced_capped_ph75_20260924/start_01/production_040ps.pdb,0.9493829011917114,0.9871112704277039,0.9913389682769775,0.7964805960655212,True,sst-ranking-20260924-v1,training_resubstitution_not_independent_validation
start_01_production_050ps,1,results/2mi1_reduced_capped_ph75_20260924/start_01/production_050ps.pdb,0.8094342947006226,0.994933545589447,0.9651870727539062,0.9188531041145325,True,sst-ranking-20260924-v1,training_resubstitution_not_independent_validation
start_01_production_060ps,1,results/2mi1_reduced_capped_ph75_20260924/start_01/production_060ps.pdb,0.7468613982200623,0.9792361855506897,0.9635541439056396,0.7752275466918945,True,sst-ranking-20260924-v1,training_resubstitution_not_independent_validation
start_01_production_070ps,1,results/2mi1_reduced_capped_ph75_20260924/start_01/production_070ps.pdb,0.8258184194564819,0.9820361733436584,0.9910781979560852,0.7971370816230774,True,sst-ranking-20260924-v1,training_resubstitution_not_independent_validation
start_01_production_080ps,1,results/2mi1_reduced_capped_ph75_20260924/start_01/production_080ps.pdb,0.8023933172225952,0.9731521010398865,0.9771209955215454,0.6075870394706726,True,sst-ranking-20260924-v1,training_resubstitution_not_independent_validation
start_01_production_090ps,1,results/2mi1_reduced_capped_ph75_20260924/start_01/production_090ps.pdb,0.8238732218742371,0.9748123288154602,0.9705209732055664,0.653495728969574,True,sst-ranking-20260924-v1,training_resubstitution_not_independent_validation
start_01_production_100ps,1,results/2mi1_reduced_capped_ph75_20260924/start_01/production_100ps.pdb,0.8235943913459778,0.9807865023612976,0.9761691689491272,0.6699669361114502,True,sst-ranking-20260924-v1,training_resubstitution_not_independent_validation
start_01_production_110ps,1,results/2mi1_reduced_capped_ph75_20260924/start_01/production_110ps.pdb,0.9475486874580383,0.9924323558807373,0.994857668876648,0.8402897119522095,True,sst-ranking-20260924-v1,training_resubstitution_not_independent_validation
start_01_production_120ps,1,results/2mi1_reduced_capped_ph75_20260924/start_01/production_120ps.pdb,0.914588451385498,0.9834476709365845,0.9855676889419556,0.7032034993171692,True,sst-ranking-20260924-v1,training_resubstitution_not_independent_validation
start_02_production_030ps,2,results/2mi1_reduced_capped_ph75_20260924/start_02/production_030ps.pdb,0.9267657399177551,0.9891111254692078,0.9934480786323547,0.787606418132782,True,sst-ranking-20260924-v1,training_resubstitution_not_independent_validation
start_02_production_040ps,2,results/2mi1_reduced_capped_ph75_20260924/start_02/production_040ps.pdb,0.9359257817268372,0.993750274181366,0.9936703443527222,0.9174219369888306,True,sst-ranking-20260924-v1,training_resubstitution_not_independent_validation
start_02_production_050ps,2,results/2mi1_reduced_capped_ph75_20260924/start_02/production_050ps.pdb,0.9550818204879761,0.9932138919830322,0.9931572079658508,0.8949347138404846,True,sst-ranking-20260924-v1,training_resubstitution_not_independent_validation
start_02_production_060ps,2,results/2mi1_reduced_capped_ph75_20260924/start_02/production_060ps.pdb,0.9070579409599304,0.9903664588928223,0.9890856146812439,0.7900179624557495,True,sst-ranking-20260924-v1,training_resubstitution_not_independent_validation
start_02_production_070ps,2,results/2mi1_reduced_capped_ph75_20260924/start_02/production_070ps.pdb,0.9238184690475464,0.9857209920883179,0.9914094805717468,0.693550705909729,True,sst-ranking-20260924-v1,training_resubstitution_not_independent_validation
start_02_production_080ps,2,results/2mi1_reduced_capped_ph75_20260924/start_02/production_080ps.pdb,0.9623933434486389,0.9553552865982056,0.9902377724647522,0.4832157492637634,True,sst-ranking-20260924-v1,training_resubstitution_not_independent_validation
start_02_production_090ps,2,results/2mi1_reduced_capped_ph75_20260924/start_02/production_090ps.pdb,0.9184627532958984,0.9688720107078552,0.9853230714797974,0.6260462999343872,True,sst-ranking-20260924-v1,training_resubstitution_not_independent_validation
start_02_production_100ps,2,results/2mi1_reduced_capped_ph75_20260924/start_02/production_100ps.pdb,0.8254494667053223,0.9806081056594849,0.9725052118301392,0.7307937145233154,True,sst-ranking-20260924-v1,training_resubstitution_not_independent_validation
start_02_production_110ps,2,results/2mi1_reduced_capped_ph75_20260924/start_02/production_110ps.pdb,0.8894263505935669,0.9617144465446472,0.9692612290382385,0.6241909265518188,True,sst-ranking-20260924-v1,training_resubstitution_not_independent_validation
start_02_production_120ps,2,results/2mi1_reduced_capped_ph75_20260924/start_02/production_120ps.pdb,0.806942343711853,0.9649229645729065,0.9455811977386475,0.6581259965896606,True,sst-ranking-20260924-v1,training_resubstitution_not_independent_validation
start_03_production_030ps,3,results/2mi1_reduced_capped_ph75_20260924/start_03/production_030ps.pdb,0.8114120364189148,0.975641667842865,0.9857267737388611,0.6222745180130005,True,sst-ranking-20260924-v1,training_resubstitution_not_independent_validation
start_03_production_040ps,3,results/2mi1_reduced_capped_ph75_20260924/start_03/production_040ps.pdb,0.8356260657310486,0.9907625317573547,0.9922704696655273,0.7798721194267273,True,sst-ranking-20260924-v1,training_resubstitution_not_independent_validation
start_03_production_050ps,3,results/2mi1_reduced_capped_ph75_20260924/start_03/production_050ps.pdb,0.801845908164978,0.9863894581794739,0.9731274843215942,0.6929599046707153,True,sst-ranking-20260924-v1,training_resubstitution_not_independent_validation
start_03_production_060ps,3,results/2mi1_reduced_capped_ph75_20260924/start_03/production_060ps.pdb,0.8568150997161865,0.9884834885597229,0.982249915599823,0.6218971610069275,True,sst-ranking-20260924-v1,training_resubstitution_not_independent_validation
start_03_production_070ps,3,results/2mi1_reduced_capped_ph75_20260924/start_03/production_070ps.pdb,0.7806763052940369,0.9879945516586304,0.9724687933921814,0.6115603446960449,True,sst-ranking-20260924-v1,training_resubstitution_not_independent_validation
start_03_production_080ps,3,results/2mi1_reduced_capped_ph75_20260924/start_03/production_080ps.pdb,0.854426383972168,0.989676296710968,0.9807155132293701,0.7511400580406189,True,sst-ranking-20260924-v1,training_resubstitution_not_independent_validation
start_03_production_090ps,3,results/2mi1_reduced_capped_ph75_20260924/start_03/production_090ps.pdb,0.8054578900337219,0.9862784743309021,0.9784386157989502,0.6166412234306335,True,sst-ranking-20260924-v1,training_resubstitution_not_independent_validation
start_03_production_100ps,3,results/2mi1_reduced_capped_ph75_20260924/start_03/production_100ps.pdb,0.942221462726593,0.992664098739624,0.9901586174964905,0.7255462408065796,True,sst-ranking-20260924-v1,training_resubstitution_not_independent_validation
start_03_production_110ps,3,results/2mi1_reduced_capped_ph75_20260924/start_03/production_110ps.pdb,0.8465616106987,0.9960179924964905,0.9904601573944092,0.8583589196205139,True,sst-ranking-20260924-v1,training_resubstitution_not_independent_validation
start_03_production_120ps,3,results/2mi1_reduced_capped_ph75_20260924/start_03/production_120ps.pdb,0.8279724717140198,0.9898567199707031,0.9760766625404358,0.6382625699043274,True,sst-ranking-20260924-v1,training_resubstitution_not_independent_validation
start_04_production_030ps,4,results/2mi1_reduced_capped_ph75_20260924/start_04/production_030ps.pdb,0.9324359893798828,0.9967775940895081,0.9710906147956848,0.8607362508773804,True,sst-ranking-20260924-v1,training_resubstitution_not_independent_validation
start_04_production_040ps,4,results/2mi1_reduced_capped_ph75_20260924/start_04/production_040ps.pdb,0.9484069347381592,0.9968860745429993,0.9847962856292725,0.8982082009315491,True,sst-ranking-20260924-v1,training_resubstitution_not_independent_validation
start_04_production_050ps,4,results/2mi1_reduced_capped_ph75_20260924/start_04/production_050ps.pdb,0.9543161392211914,0.9959098100662231,0.9843719601631165,0.8613023161888123,True,sst-ranking-20260924-v1,training_resubstitution_not_independent_validation
start_04_production_060ps,4,results/2mi1_reduced_capped_ph75_20260924/start_04/production_060ps.pdb,0.9469748139381409,0.9973426461219788,0.9838663935661316,0.8446708917617798,True,sst-ranking-20260924-v1,training_resubstitution_not_independent_validation
start_04_production_070ps,4,results/2mi1_reduced_capped_ph75_20260924/start_04/production_070ps.pdb,0.9691042304039001,0.99620121717453,0.9906032681465149,0.8191419243812561,True,sst-ranking-20260924-v1,training_resubstitution_not_independent_validation
start_04_production_080ps,4,results/2mi1_reduced_capped_ph75_20260924/start_04/production_080ps.pdb,0.977970540523529,0.9964621663093567,0.9931848645210266,0.8797180652618408,True,sst-ranking-20260924-v1,training_resubstitution_not_independent_validation
start_04_production_090ps,4,results/2mi1_reduced_capped_ph75_20260924/start_04/production_090ps.pdb,0.9761130213737488,0.9948739409446716,0.9874252676963806,0.837178647518158,True,sst-ranking-20260924-v1,training_resubstitution_not_independent_validation
start_04_production_100ps,4,results/2mi1_reduced_capped_ph75_20260924/start_04/production_100ps.pdb,0.9529756307601929,0.9957017302513123,0.986034095287323,0.8286302089691162,True,sst-ranking-20260924-v1,training_resubstitution_not_independent_validation
start_04_production_110ps,4,results/2mi1_reduced_capped_ph75_20260924/start_04/production_110ps.pdb,0.8815774321556091,0.9969327449798584,0.9798683524131775,0.8365556001663208,True,sst-ranking-20260924-v1,training_resubstitution_not_independent_validation
start_04_production_120ps,4,results/2mi1_reduced_capped_ph75_20260924/start_04/production_120ps.pdb,0.9389076232910156,0.9953287839889526,0.9889363646507263,0.876876950263977,True,sst-ranking-20260924-v1,training_resubstitution_not_independent_validation
start_05_production_030ps,5,results/2mi1_reduced_capped_ph75_20260924/start_05/production_030ps.pdb,0.8529378771781921,0.9516997337341309,0.9771183729171753,0.6009662747383118,True,sst-ranking-20260924-v1,training_resubstitution_not_independent_validation
start_05_production_040ps,5,results/2mi1_reduced_capped_ph75_20260924/start_05/production_040ps.pdb,0.8514871597290039,0.9644711017608643,0.9653335809707642,0.7636458873748779,True,sst-ranking-20260924-v1,training_resubstitution_not_independent_validation
start_05_production_050ps,5,results/2mi1_reduced_capped_ph75_20260924/start_05/production_050ps.pdb,0.8817359805107117,0.974968433380127,0.9810442328453064,0.7347314357757568,True,sst-ranking-20260924-v1,training_resubstitution_not_independent_validation
start_05_production_060ps,5,results/2mi1_reduced_capped_ph75_20260924/start_05/production_060ps.pdb,0.9322848916053772,0.9960162043571472,0.989314079284668,0.9340682029724121,True,sst-ranking-20260924-v1,training_resubstitution_not_independent_validation
start_05_production_070ps,5,results/2mi1_reduced_capped_ph75_20260924/start_05/production_070ps.pdb,0.803536057472229,0.9903869032859802,0.9597967267036438,0.8681144118309021,True,sst-ranking-20260924-v1,training_resubstitution_not_independent_validation
start_05_production_080ps,5,results/2mi1_reduced_capped_ph75_20260924/start_05/production_080ps.pdb,0.8661054372787476,0.9725454449653625,0.9833701848983765,0.7476425766944885,True,sst-ranking-20260924-v1,training_resubstitution_not_independent_validation
start_05_production_090ps,5,results/2mi1_reduced_capped_ph75_20260924/start_05/production_090ps.pdb,0.9098252654075623,0.9805849194526672,0.9832231402397156,0.7456420063972473,True,sst-ranking-20260924-v1,training_resubstitution_not_independent_validation
start_05_production_100ps,5,results/2mi1_reduced_capped_ph75_20260924/start_05/production_100ps.pdb,0.9411028623580933,0.9876484870910645,0.9909476637840271,0.8659932613372803,True,sst-ranking-20260924-v1,training_resubstitution_not_independent_validation
start_05_production_110ps,5,results/2mi1_reduced_capped_ph75_20260924/start_05/production_110ps.pdb,0.9193664193153381,0.9922246932983398,0.9886837601661682,0.883526623249054,True,sst-ranking-20260924-v1,training_resubstitution_not_independent_validation
start_05_production_120ps,5,results/2mi1_reduced_capped_ph75_20260924/start_05/production_120ps.pdb,0.9224452376365662,0.9881258010864258,0.9914999604225159,0.8463625311851501,True,sst-ranking-20260924-v1,training_resubstitution_not_independent_validation
start_06_production_030ps,6,results/2mi1_reduced_capped_ph75_20260924/start_06/production_030ps.pdb,0.9313697814941406,0.9955452680587769,0.993077278137207,0.9228577613830566,True,sst-ranking-20260924-v1,training_resubstitution_not_independent_validation
start_06_production_040ps,6,results/2mi1_reduced_capped_ph75_20260924/start_06/production_040ps.pdb,0.836100161075592,0.9947123527526855,0.9606558084487915,0.9072239398956299,True,sst-ranking-20260924-v1,training_resubstitution_not_independent_validation
start_06_production_050ps,6,results/2mi1_reduced_capped_ph75_20260924/start_06/production_050ps.pdb,0.8105416893959045,0.996796190738678,0.9392192959785461,0.9452660083770752,False,sst-ranking-20260924-v1,training_resubstitution_not_independent_validation
start_06_production_060ps,6,results/2mi1_reduced_capped_ph75_20260924/start_06/production_060ps.pdb,0.9500752687454224,0.9972353577613831,0.9937618374824524,0.9257794618606567,True,sst-ranking-20260924-v1,training_resubstitution_not_independent_validation
start_06_production_070ps,6,results/2mi1_reduced_capped_ph75_20260924/start_06/production_070ps.pdb,0.9638104438781738,0.9962928891181946,0.9879542589187622,0.914651095867157,True,sst-ranking-20260924-v1,training_resubstitution_not_independent_validation
start_06_production_080ps,6,results/2mi1_reduced_capped_ph75_20260924/start_06/production_080ps.pdb,0.9385149478912354,0.9941731095314026,0.9885150790214539,0.9189809560775757,True,sst-ranking-20260924-v1,training_resubstitution_not_independent_validation
start_06_production_090ps,6,results/2mi1_reduced_capped_ph75_20260924/start_06/production_090ps.pdb,0.9114730358123779,0.9952794313430786,0.9683045148849487,0.9326327443122864,True,sst-ranking-20260924-v1,training_resubstitution_not_independent_validation
start_06_production_100ps,6,results/2mi1_reduced_capped_ph75_20260924/start_06/production_100ps.pdb,0.9806344509124756,0.9966073036193848,0.9960840940475464,0.9299449324607849,True,sst-ranking-20260924-v1,training_resubstitution_not_independent_validation
start_06_production_110ps,6,results/2mi1_reduced_capped_ph75_20260924/start_06/production_110ps.pdb,0.9520546793937683,0.9938312768936157,0.9878764152526855,0.9087638258934021,True,sst-ranking-20260924-v1,training_resubstitution_not_independent_validation
start_06_production_120ps,6,results/2mi1_reduced_capped_ph75_20260924/start_06/production_120ps.pdb,0.9209335446357727,0.9932524561882019,0.9948103427886963,0.8914052844047546,True,sst-ranking-20260924-v1,training_resubstitution_not_independent_validation
start_07_production_030ps,7,results/2mi1_reduced_capped_ph75_20260924/start_07/production_030ps.pdb,0.9563711881637573,0.9904924035072327,0.993035614490509,0.8968721032142639,True,sst-ranking-20260924-v1,training_resubstitution_not_independent_validation
start_07_production_040ps,7,results/2mi1_reduced_capped_ph75_20260924/start_07/production_040ps.pdb,0.9797466993331909,0.9916184544563293,0.9967196583747864,0.8682446479797363,True,sst-ranking-20260924-v1,training_resubstitution_not_independent_validation
start_07_production_050ps,7,results/2mi1_reduced_capped_ph75_20260924/start_07/production_050ps.pdb,0.9178193211555481,0.9703049063682556,0.9785230755805969,0.6495922207832336,True,sst-ranking-20260924-v1,training_resubstitution_not_independent_validation
start_07_production_060ps,7,results/2mi1_reduced_capped_ph75_20260924/start_07/production_060ps.pdb,0.9296399354934692,0.9832216501235962,0.9721556901931763,0.7391329407691956,True,sst-ranking-20260924-v1,training_resubstitution_not_independent_validation
start_07_production_070ps,7,results/2mi1_reduced_capped_ph75_20260924/start_07/production_070ps.pdb,0.9923721551895142,0.9790661931037903,0.9979103207588196,0.6927810907363892,True,sst-ranking-20260924-v1,training_resubstitution_not_independent_validation
start_07_production_080ps,7,results/2mi1_reduced_capped_ph75_20260924/start_07/production_080ps.pdb,0.9814648032188416,0.9314132928848267,0.9968351721763611,0.3748050034046173,True,sst-ranking-20260924-v1,training_resubstitution_not_independent_validation
start_07_production_090ps,7,results/2mi1_reduced_capped_ph75_20260924/start_07/production_090ps.pdb,0.964834988117218,0.9910298585891724,0.9955735206604004,0.8240029811859131,True,sst-ranking-20260924-v1,training_resubstitution_not_independent_validation
start_07_production_100ps,7,results/2mi1_reduced_capped_ph75_20260924/start_07/production_100ps.pdb,0.9631785154342651,0.9682460427284241,0.995010256767273,0.5686169266700745,True,sst-ranking-20260924-v1,training_resubstitution_not_independent_validation
start_07_production_110ps,7,results/2mi1_reduced_capped_ph75_20260924/start_07/production_110ps.pdb,0.9160964488983154,0.971622884273529,0.9928739070892334,0.5659807920455933,True,sst-ranking-20260924-v1,training_resubstitution_not_independent_validation
start_07_production_120ps,7,results/2mi1_reduced_capped_ph75_20260924/start_07/production_120ps.pdb,0.9623094201087952,0.9665116667747498,0.9974307417869568,0.6215751767158508,True,sst-ranking-20260924-v1,training_resubstitution_not_independent_validation
start_08_production_030ps,8,results/2mi1_reduced_capped_ph75_20260924/start_08/production_030ps.pdb,0.7976020574569702,0.9959554672241211,0.9784303903579712,0.8774880170822144,True,sst-ranking-20260924-v1,training_resubstitution_not_independent_validation
start_08_production_040ps,8,results/2mi1_reduced_capped_ph75_20260924/start_08/production_040ps.pdb,0.8911483287811279,0.9973676800727844,0.9894834160804749,0.910526692867279,True,sst-ranking-20260924-v1,training_resubstitution_not_independent_validation
start_08_production_050ps,8,results/2mi1_reduced_capped_ph75_20260924/start_08/production_050ps.pdb,0.7733072638511658,0.9958362579345703,0.969232439994812,0.8704217076301575,True,sst-ranking-20260924-v1,training_resubstitution_not_independent_validation
start_08_production_060ps,8,results/2mi1_reduced_capped_ph75_20260924/start_08/production_060ps.pdb,0.8014920949935913,0.994579553604126,0.9823134541511536,0.8602616786956787,True,sst-ranking-20260924-v1,training_resubstitution_not_independent_validation
start_08_production_070ps,8,results/2mi1_reduced_capped_ph75_20260924/start_08/production_070ps.pdb,0.9505339860916138,0.9957984089851379,0.9951077699661255,0.8380961418151855,True,sst-ranking-20260924-v1,training_resubstitution_not_independent_validation
start_08_production_080ps,8,results/2mi1_reduced_capped_ph75_20260924/start_08/production_080ps.pdb,0.8541675806045532,0.9945691823959351,0.9548990726470947,0.8595404624938965,True,sst-ranking-20260924-v1,training_resubstitution_not_independent_validation
start_08_production_090ps,8,results/2mi1_reduced_capped_ph75_20260924/start_08/production_090ps.pdb,0.7988247275352478,0.9919716119766235,0.966787576675415,0.7923309803009033,True,sst-ranking-20260924-v1,training_resubstitution_not_independent_validation
start_08_production_100ps,8,results/2mi1_reduced_capped_ph75_20260924/start_08/production_100ps.pdb,0.6893849968910217,0.9921878576278687,0.9720515012741089,0.8444915413856506,True,sst-ranking-20260924-v1,training_resubstitution_not_independent_validation
start_08_production_110ps,8,results/2mi1_reduced_capped_ph75_20260924/start_08/production_110ps.pdb,0.8957984447479248,0.995306670665741,0.9852342009544373,0.8807074427604675,True,sst-ranking-20260924-v1,training_resubstitution_not_independent_validation
start_08_production_120ps,8,results/2mi1_reduced_capped_ph75_20260924/start_08/production_120ps.pdb,0.6529154181480408,0.9927527904510498,0.9260847568511963,0.8361204862594604,True,sst-ranking-20260924-v1,training_resubstitution_not_independent_validation
start_09_production_030ps,9,results/2mi1_reduced_capped_ph75_20260924/start_09/production_030ps.pdb,0.6391674876213074,0.9878673553466797,0.9732149839401245,0.712432861328125,True,sst-ranking-20260924-v1,training_resubstitution_not_independent_validation
start_09_production_040ps,9,results/2mi1_reduced_capped_ph75_20260924/start_09/production_040ps.pdb,0.7356200814247131,0.9931507110595703,0.9699861407279968,0.8367138504981995,True,sst-ranking-20260924-v1,training_resubstitution_not_independent_validation
start_09_production_050ps,9,results/2mi1_reduced_capped_ph75_20260924/start_09/production_050ps.pdb,0.7229231595993042,0.9909274578094482,0.9766967296600342,0.7638272047042847,True,sst-ranking-20260924-v1,training_resubstitution_not_independent_validation
start_09_production_060ps,9,results/2mi1_reduced_capped_ph75_20260924/start_09/production_060ps.pdb,0.8795480132102966,0.9781986474990845,0.9880104660987854,0.5991671681404114,True,sst-ranking-20260924-v1,training_resubstitution_not_independent_validation
start_09_production_070ps,9,results/2mi1_reduced_capped_ph75_20260924/start_09/production_070ps.pdb,0.8400281071662903,0.9805001020431519,0.9927133917808533,0.6508082747459412,True,sst-ranking-20260924-v1,training_resubstitution_not_independent_validation
start_09_production_080ps,9,results/2mi1_reduced_capped_ph75_20260924/start_09/production_080ps.pdb,0.8856388330459595,0.9907051920890808,0.9901335835456848,0.7913033366203308,True,sst-ranking-20260924-v1,training_resubstitution_not_independent_validation
start_09_production_090ps,9,results/2mi1_reduced_capped_ph75_20260924/start_09/production_090ps.pdb,0.9277176856994629,0.9885501265525818,0.9972575306892395,0.690365731716156,True,sst-ranking-20260924-v1,training_resubstitution_not_independent_validation
start_09_production_100ps,9,results/2mi1_reduced_capped_ph75_20260924/start_09/production_100ps.pdb,0.8889933824539185,0.9625998139381409,0.995816171169281,0.4603191614151001,True,sst-ranking-20260924-v1,training_resubstitution_not_independent_validation
start_09_production_110ps,9,results/2mi1_reduced_capped_ph75_20260924/start_09/production_110ps.pdb,0.883379340171814,0.9860230684280396,0.9955986738204956,0.6857577562332153,True,sst-ranking-20260924-v1,training_resubstitution_not_independent_validation
start_09_production_120ps,9,results/2mi1_reduced_capped_ph75_20260924/start_09/production_120ps.pdb,0.9325907230377197,0.9812584519386292,0.9940624833106995,0.6706209182739258,True,sst-ranking-20260924-v1,training_resubstitution_not_independent_validation
start_10_production_030ps,10,results/2mi1_reduced_capped_ph75_20260924/start_10/production_030ps.pdb,0.9770532846450806,0.9721719026565552,0.9934971332550049,0.7375264763832092,True,sst-ranking-20260924-v1,training_resubstitution_not_independent_validation
start_10_production_040ps,10,results/2mi1_reduced_capped_ph75_20260924/start_10/production_040ps.pdb,0.9797075986862183,0.9785511493682861,0.995263934135437,0.7658394575119019,True,sst-ranking-20260924-v1,training_resubstitution_not_independent_validation
start_10_production_050ps,10,results/2mi1_reduced_capped_ph75_20260924/start_10/production_050ps.pdb,0.9848850965499878,0.9836474061012268,0.9971110820770264,0.7855786085128784,True,sst-ranking-20260924-v1,training_resubstitution_not_independent_validation
start_10_production_060ps,10,results/2mi1_reduced_capped_ph75_20260924/start_10/production_060ps.pdb,0.9737312197685242,0.9859486818313599,0.996565043926239,0.7740929126739502,True,sst-ranking-20260924-v1,training_resubstitution_not_independent_validation
start_10_production_070ps,10,results/2mi1_reduced_capped_ph75_20260924/start_10/production_070ps.pdb,0.9738871455192566,0.9757023453712463,0.997982382774353,0.6665915846824646,True,sst-ranking-20260924-v1,training_resubstitution_not_independent_validation
start_10_production_080ps,10,results/2mi1_reduced_capped_ph75_20260924/start_10/production_080ps.pdb,0.9776158928871155,0.9863203167915344,0.9974397420883179,0.7377890944480896,True,sst-ranking-20260924-v1,training_resubstitution_not_independent_validation
start_10_production_090ps,10,results/2mi1_reduced_capped_ph75_20260924/start_10/production_090ps.pdb,0.9579335451126099,0.9902220964431763,0.9889774918556213,0.7757550477981567,True,sst-ranking-20260924-v1,training_resubstitution_not_independent_validation
start_10_production_100ps,10,results/2mi1_reduced_capped_ph75_20260924/start_10/production_100ps.pdb,0.9527992010116577,0.9763708114624023,0.989589512348175,0.653253436088562,True,sst-ranking-20260924-v1,training_resubstitution_not_independent_validation
start_10_production_110ps,10,results/2mi1_reduced_capped_ph75_20260924/start_10/production_110ps.pdb,0.9640493392944336,0.9607955813407898,0.994592010974884,0.6459619402885437,True,sst-ranking-20260924-v1,training_resubstitution_not_independent_validation
start_10_production_120ps,10,results/2mi1_reduced_capped_ph75_20260924/start_10/production_120ps.pdb,0.9536388516426086,0.9761872887611389,0.9942348599433899,0.8939740061759949,True,sst-ranking-20260924-v1,training_resubstitution_not_independent_validation
