record_id,start,stage,time_ps,position,original_score,pka,thiolate_fraction_ph75,original_logit,corrected_logit,corrected_score,lambda,structure_file,structure_sha256
start_01_minimized_000ps,1,minimized,0,3,0.8141655921936035,9.148748931395593,0.021958780973363175,1.477307778959415,0.9029333132616184,0.7115519262015964,0.5,results/2mi1_reduced_capped_ph75_20260924/start_01/minimized_000ps.pdb,5e1e2bf0ac451f6fa5019c042c04b649c17c28cb5d92c806cc707ea68fab6339
start_01_minimized_000ps,1,minimized,0,14,0.9892851710319519,8.575401053365756,0.07754340820093614,4.5253539659826005,4.237653439299723,0.9857641463937147,0.5,results/2mi1_reduced_capped_ph75_20260924/start_01/minimized_000ps.pdb,5e1e2bf0ac451f6fa5019c042c04b649c17c28cb5d92c806cc707ea68fab6339
start_01_equilibrated_020ps,1,equilibrated,20,3,0.8433745503425598,8.462562534707168,0.09828898294505732,1.6835538816536222,1.4522726143000384,0.8103479451485592,0.5,results/2mi1_reduced_capped_ph75_20260924/start_01/equilibrated_020ps.pdb,f47ec5d794f23e554a478cf4805b6eaa3be0bf28951a04009347e3441f83ce1f
start_01_equilibrated_020ps,1,equilibrated,20,14,0.987326443195343,9.084756769474362,0.02535648374516442,4.355483046173544,3.8131046614363626,0.9783974509857871,0.5,results/2mi1_reduced_capped_ph75_20260924/start_01/equilibrated_020ps.pdb,f47ec5d794f23e554a478cf4805b6eaa3be0bf28951a04009347e3441f83ce1f
start_01_production_030ps,1,production,30,3,0.8698707222938538,9.11533452255431,0.023673398030795937,1.8998162053255028,1.3421489440483478,0.7928431123833661,0.5,results/2mi1_reduced_capped_ph75_20260924/start_01/production_030ps.pdb,008eb6f1a7882a0e8441258683750f8f484247fb3ec218a1080b8ab1ae4143e7
start_01_production_030ps,1,production,30,14,0.9826739430427551,8.819722353750436,0.04570465666544662,4.038065818490093,3.628204641614875,0.9741235446216209,0.5,results/2mi1_reduced_capped_ph75_20260924/start_01/production_030ps.pdb,008eb6f1a7882a0e8441258683750f8f484247fb3ec218a1080b8ab1ae4143e7
start_01_production_040ps,1,production,40,3,0.9493829011917114,8.617870681942438,0.07083109952360747,2.9315227555112915,2.6225874145400723,0.9323011956198707,0.5,results/2mi1_reduced_capped_ph75_20260924/start_01/production_040ps.pdb,ca0e5af764334ae179d3f61e87cb5d9f35360977a6d1f1fa6df6ed68491c103d
start_01_production_040ps,1,production,40,14,0.9871112704277039,9.731474500745781,0.005834240137745351,4.3384295161512805,3.47269226577839,0.9699007141974649,0.5,results/2mi1_reduced_capped_ph75_20260924/start_01/production_040ps.pdb,ca0e5af764334ae179d3f61e87cb5d9f35360977a6d1f1fa6df6ed68491c103d
start_01_production_050ps,1,production,50,3,0.8094342947006226,9.241158928302886,0.017825016475618776,1.446338557259209,0.8257590931077661,0.6954574663687928,0.5,results/2mi1_reduced_capped_ph75_20260924/start_01/production_050ps.pdb,295ea876063ec3a738809e9c811c2935c46ea69bdc680702ecd572ebe32d9972
start_01_production_050ps,1,production,50,14,0.994933545589447,8.958937760819929,0.0335910203357377,5.280034700923255,4.800565820513291,0.9918420084232148,0.5,results/2mi1_reduced_capped_ph75_20260924/start_01/production_050ps.pdb,295ea876063ec3a738809e9c811c2935c46ea69bdc680702ecd572ebe32d9972
start_01_production_060ps,1,production,60,3,0.7468613982200623,8.972257818515184,0.03260948981955002,1.0819424515218197,0.5958135422642279,0.6446979276683772,0.5,results/2mi1_reduced_capped_ph75_20260924/start_01/production_060ps.pdb,7f631b7af49a39561382dceab940da5be86aaf7522414852294497c2784a7c4e
start_01_production_060ps,1,production,60,14,0.9792361855506897,9.348447604763791,0.013977808447228042,3.8535610835209138,3.179337281139018,0.960049255423836,0.5,results/2mi1_reduced_capped_ph75_20260924/start_01/production_060ps.pdb,7f631b7af49a39561382dceab940da5be86aaf7522414852294497c2784a7c4e
start_01_production_070ps,1,production,70,3,0.8258184194564819,8.781892453594722,0.04965780934124615,1.556276596768318,1.1653303699709572,0.7622999212406811,0.5,results/2mi1_reduced_capped_ph75_20260924/start_01/production_070ps.pdb,1366738c0b6c898478ce8a421aec69eeecbcd8441d873e99b6e02e399ca86586
start_01_production_070ps,1,production,70,14,0.9820361733436584,9.550248118608915,0.008828777373071875,4.001268038398177,3.2261439790937194,0.9618063543896725,0.5,results/2mi1_reduced_capped_ph75_20260924/start_01/production_070ps.pdb,1366738c0b6c898478ce8a421aec69eeecbcd8441d873e99b6e02e399ca86586
start_01_production_080ps,1,production,80,3,0.8023933172225952,8.57723739463071,0.0772414935574051,1.4013203036611448,1.1127016063457895,0.7526324312280037,0.5,results/2mi1_reduced_capped_ph75_20260924/start_01/production_080ps.pdb,725451944f9ed2b3f3a9ccbedbf75887048f0db1404f4100dbfb7151d5e9e7fd
start_01_production_080ps,1,production,80,14,0.9731521010398865,9.793642963002094,0.005060039546717686,3.590352824822417,2.6935313433213697,0.936643862530691,0.5,results/2mi1_reduced_capped_ph75_20260924/start_01/production_080ps.pdb,725451944f9ed2b3f3a9ccbedbf75887048f0db1404f4100dbfb7151d5e9e7fd
start_01_production_090ps,1,production,90,3,0.8238732218742371,8.612806875190255,0.0716023318062774,1.5428125951386888,1.2364091575435612,0.7749383577463239,0.5,results/2mi1_reduced_capped_ph75_20260924/start_01/production_090ps.pdb,9d1ae841998a8ef7ee950de1bd084542498de3cd526635ea439b481ad417a044
start_01_production_090ps,1,production,90,14,0.9748123288154602,9.745315611676439,0.005652267097439583,3.655890333112037,2.7832325272738174,0.9417629872912924,0.5,results/2mi1_reduced_capped_ph75_20260924/start_01/production_090ps.pdb,9d1ae841998a8ef7ee950de1bd084542498de3cd526635ea439b481ad417a044
start_01_production_100ps,1,production,100,3,0.8235943913459778,9.279343751298411,0.016349225610209628,1.5408922270476324,0.9012203513984269,0.7112002206383609,0.5,results/2mi1_reduced_capped_ph75_20260924/start_01/production_100ps.pdb,418c93bd4b97f8497682ad06a230a98f9dbeb85a407ea62a25f39894a4af2f50
start_01_production_100ps,1,production,100,14,0.9807865023612976,8.979968449238335,0.0320540319793032,3.9327417691613937,3.4427575445422263,0.9690144195921034,0.5,results/2mi1_reduced_capped_ph75_20260924/start_01/production_100ps.pdb,418c93bd4b97f8497682ad06a230a98f9dbeb85a407ea62a25f39894a4af2f50
start_01_production_110ps,1,production,110,3,0.9475486874580383,9.093816073765602,0.024846036367868748,2.8939929616549476,2.3470849247721466,0.9127022427778345,0.5,results/2mi1_reduced_capped_ph75_20260924/start_01/production_110ps.pdb,8411d402abeb60697e93b58aeba8d13479c78d8d79ddaea6ebec586a3e6aed86
start_01_production_110ps,1,production,110,14,0.9924323558807373,9.117471456661606,0.023559937455685836,4.876277048721202,4.317541320390399,0.9868427961237346,0.5,results/2mi1_reduced_capped_ph75_20260924/start_01/production_110ps.pdb,8411d402abeb60697e93b58aeba8d13479c78d8d79ddaea6ebec586a3e6aed86
start_01_production_120ps,1,production,120,3,0.914588451385498,9.092420984838217,0.024923985431368527,2.3709928628578147,1.8247823704387063,0.8611389846523602,0.5,results/2mi1_reduced_capped_ph75_20260924/start_01/production_120ps.pdb,5d1d2e737aec39d1252f8c94ac6dfc8d834399eed7d3403baedc3e58d8b689b7
start_01_production_120ps,1,production,120,14,0.9834476709365845,9.081291883121748,0.025554401567995665,4.084537608606039,3.5438916670451652,0.9719111493630859,0.5,results/2mi1_reduced_capped_ph75_20260924/start_01/production_120ps.pdb,5d1d2e737aec39d1252f8c94ac6dfc8d834399eed7d3403baedc3e58d8b689b7
start_02_minimized_000ps,2,minimized,0,3,0.7865274548530579,9.474713085530572,0.010488365645746161,1.3041193992814784,0.5667628565161922,0.6380158861570042,0.5,results/2mi1_reduced_capped_ph75_20260924/start_02/minimized_000ps.pdb,b3650214be16f8d4c1689d6c77ff0c75f0ab2c94e5625154bf1ea5c469f1fb68
start_02_minimized_000ps,2,minimized,0,14,0.988323450088501,9.005994576979,0.030245936165907365,4.43842747332718,3.9354301848376796,0.9808370983495509,0.5,results/2mi1_reduced_capped_ph75_20260924/start_02/minimized_000ps.pdb,b3650214be16f8d4c1689d6c77ff0c75f0ab2c94e5625154bf1ea5c469f1fb68
start_02_equilibrated_020ps,2,equilibrated,20,3,0.9193297028541565,9.256290641046307,0.01722516482925825,2.433274378226654,1.8051290577035002,0.8587721457267301,0.5,results/2mi1_reduced_capped_ph75_20260924/start_02/equilibrated_020ps.pdb,4d3afd2cdee0d7a550c19c2648ded32cae3f3aeef67a89e4402d5eb322b11458
start_02_equilibrated_020ps,2,equilibrated,20,14,0.9922385811805725,9.191806420204546,0.019927453474855226,4.850798428553012,4.254895218450739,0.9860040880660612,0.5,results/2mi1_reduced_capped_ph75_20260924/start_02/equilibrated_020ps.pdb,4d3afd2cdee0d7a550c19c2648ded32cae3f3aeef67a89e4402d5eb322b11458
start_02_production_030ps,2,production,30,3,0.9267657399177551,9.158372516406406,0.021487885948374107,2.5380374804980272,1.9588512222948244,0.8764085745527143,0.5,results/2mi1_reduced_capped_ph75_20260924/start_02/production_030ps.pdb,cfd32ef09e8f85aaa2961d8e56e503ac69a6ee7192695ea9a117eea79862f4c7
start_02_production_030ps,2,production,30,14,0.9891111254692078,9.188995880525097,0.02005423771743879,4.509065104022972,3.914567163760424,0.9804410044464578,0.5,results/2mi1_reduced_capped_ph75_20260924/start_02/production_030ps.pdb,cfd32ef09e8f85aaa2961d8e56e503ac69a6ee7192695ea9a117eea79862f4c7
start_02_production_040ps,2,production,40,3,0.9359257817268372,9.112042283263674,0.023849243724403137,2.681494108315878,2.1254729666840406,0.8933544750417612,0.5,results/2mi1_reduced_capped_ph75_20260924/start_02/production_040ps.pdb,f62cc03a9c00ae28f2b8d91f7e6de1cd9315cf3daa8886fb7c0cb3392e8e11c5
start_02_production_040ps,2,production,40,14,0.993750274181366,8.994994762005453,0.030997739774413453,5.068948348106798,4.571450967104072,0.9897629397589258,0.5,results/2mi1_reduced_capped_ph75_20260924/start_02/production_040ps.pdb,f62cc03a9c00ae28f2b8d91f7e6de1cd9315cf3daa8886fb7c0cb3392e8e11c5
start_02_production_050ps,2,production,50,3,0.9550818204879761,9.314588315527862,0.015094072636698087,3.0569544110023683,2.3996602532384372,0.9168013924479327,0.5,results/2mi1_reduced_capped_ph75_20260924/start_02/production_050ps.pdb,4cce8562a5c15ef71e1107c2ec198aa352ef34da14ccdf87a43fbcb6cec6bae7
start_02_production_050ps,2,production,50,14,0.9932138919830322,8.843750833127267,0.04335125484208511,4.986068456776346,4.564193040212713,0.9896891385213971,0.5,results/2mi1_reduced_capped_ph75_20260924/start_02/production_050ps.pdb,4cce8562a5c15ef71e1107c2ec198aa352ef34da14ccdf87a43fbcb6cec6bae7
start_02_production_060ps,2,production,60,3,0.9070579409599304,9.56463306981633,0.008543593049969312,2.2782300521387993,1.4959135172306346,0.8169642006436129,0.5,results/2mi1_reduced_capped_ph75_20260924/start_02/production_060ps.pdb,0fd1ec223f6ace5af7902f393d920a4f2840709e9cfd886089953d566184a3b6
start_02_production_060ps,2,production,60,14,0.9903664588928223,8.88000652608849,0.04001810473081626,4.632824160697113,4.192820897652868,0.9851211061827826,0.5,results/2mi1_reduced_capped_ph75_20260924/start_02/production_060ps.pdb,0fd1ec223f6ace5af7902f393d920a4f2840709e9cfd886089953d566184a3b6
start_02_production_070ps,2,production,70,3,0.9238184690475464,8.81784380994001,0.04589368802022613,2.4953965329079786,2.0864746279379736,0.8895816171631682,0.5,results/2mi1_reduced_capped_ph75_20260924/start_02/production_070ps.pdb,f9f77e3eb37740c00f63d7e88d84162acc30d3fe5757dbc1ca659d7d24b680f2
start_02_production_070ps,2,production,70,14,0.9857209920883179,9.437001343360896,0.011428955515915233,4.234582864548581,3.516082192868133,0.9711419087821369,0.5,results/2mi1_reduced_capped_ph75_20260924/start_02/production_070ps.pdb,f9f77e3eb37740c00f63d7e88d84162acc30d3fe5757dbc1ca659d7d24b680f2
start_02_production_080ps,2,production,80,3,0.9623933434486389,9.174392674941123,0.020725815646236025,3.2422421773531314,2.65504583988257,0.9343213078878468,0.5,results/2mi1_reduced_capped_ph75_20260924/start_02/production_080ps.pdb,c9cc2c5100cdacdfd24e0aac2e35cf0d1744c0a1be16d4530053ac6fa41860ff
start_02_production_080ps,2,production,80,14,0.9553552865982056,9.227444562182136,0.018386370932965707,3.063347399690146,2.4496251185990783,0.9205340321416347,0.5,results/2mi1_reduced_capped_ph75_20260924/start_02/production_080ps.pdb,c9cc2c5100cdacdfd24e0aac2e35cf0d1744c0a1be16d4530053ac6fa41860ff
start_02_production_090ps,2,production,90,3,0.9184627532958984,9.17220788144718,0.020828166031209915,2.4216414215465343,1.835537480822944,0.8624200778284499,0.5,results/2mi1_reduced_capped_ph75_20260924/start_02/production_090ps.pdb,65c8240c51794ab2ea8ae87c23c46e187b7237a098408593542fe0f699fe15dc
start_02_production_090ps,2,production,90,14,0.9688720107078552,9.278163310400354,0.016392994858772734,3.438025127586226,2.7989434723860493,0.9426187046312663,0.5,results/2mi1_reduced_capped_ph75_20260924/start_02/production_090ps.pdb,65c8240c51794ab2ea8ae87c23c46e187b7237a098408593542fe0f699fe15dc
start_02_production_100ps,2,production,100,3,0.8254494667053223,9.198676423103034,0.01962084227876097,1.5537137573073718,0.9543755457558547,0.7219942836833089,0.5,results/2mi1_reduced_capped_ph75_20260924/start_02/production_100ps.pdb,2a17a12a63f476fd2a5a25cae25282ee6a0c285c48f89a61db065ea893129120
start_02_production_100ps,2,production,100,14,0.9806081056594849,8.347295519834882,0.12444762444434773,3.923317733943237,3.749669974025796,0.977015220034946,0.5,results/2mi1_reduced_capped_ph75_20260924/start_02/production_100ps.pdb,2a17a12a63f476fd2a5a25cae25282ee6a0c285c48f89a61db065ea893129120
start_02_production_110ps,2,production,110,3,0.8894263505935669,9.204503982547726,0.019364383725031027,2.08489489561592,1.482642904342057,0.8149714439510154,0.5,results/2mi1_reduced_capped_ph75_20260924/start_02/production_110ps.pdb,dc7c426cf07ba6ecc3ebdf969bae04ab0ad81cbabad65130776f1f9bbbbfb797
start_02_production_110ps,2,production,110,14,0.9617144465446472,8.436732422184889,0.10368763430169477,3.22364494283467,3.0052787317422256,0.9528120333748282,0.5,results/2mi1_reduced_capped_ph75_20260924/start_02/production_110ps.pdb,dc7c426cf07ba6ecc3ebdf969bae04ab0ad81cbabad65130776f1f9bbbbfb797
start_02_production_120ps,2,production,120,3,0.806942343711853,9.20418503251831,0.019378334649394726,1.430263338966977,0.8281708227078217,0.6959680210467059,0.5,results/2mi1_reduced_capped_ph75_20260924/start_02/production_120ps.pdb,56c50429f4314f91e66f80d314329f83a37a609a57b2ee5a0f8a95c40b5df71a
start_02_production_120ps,2,production,120,14,0.9649229645729065,8.758039825639722,0.05231476613115355,3.3145016136812124,2.9354817008613514,0.9495728102307815,0.5,results/2mi1_reduced_capped_ph75_20260924/start_02/production_120ps.pdb,56c50429f4314f91e66f80d314329f83a37a609a57b2ee5a0f8a95c40b5df71a
start_03_minimized_000ps,3,minimized,0,3,0.8417812585830688,9.844005993942094,0.004508494710903056,1.6715416776634422,0.7495386806923952,0.6790781717000633,0.5,results/2mi1_reduced_capped_ph75_20260924/start_03/minimized_000ps.pdb,ded37545dc633676f3da04c995dc79fdb7cf21582e9109845ba24cee56ba2a56
start_03_minimized_000ps,3,minimized,0,14,0.9847449660301208,8.641414990747421,0.06734509759862553,4.167473144942074,3.846765649568363,0.9790975652773208,0.5,results/2mi1_reduced_capped_ph75_20260924/start_03/minimized_000ps.pdb,ded37545dc633676f3da04c995dc79fdb7cf21582e9109845ba24cee56ba2a56
start_03_equilibrated_020ps,3,equilibrated,20,3,0.8815938830375671,8.89816819727777,0.03844211182382343,2.0076111152468674,1.5585270166079828,0.8261418878390152,0.5,results/2mi1_reduced_capped_ph75_20260924/start_03/equilibrated_020ps.pdb,9ee7340d50149665e04569f261955346988053d3a0c895860bd672d8fb1ed438
start_03_equilibrated_020ps,3,equilibrated,20,14,0.9850755929946899,9.199571892525732,0.01958121921435923,4.189720455532626,3.58993450926976,0.9731411695086097,0.5,results/2mi1_reduced_capped_ph75_20260924/start_03/equilibrated_020ps.pdb,9ee7340d50149665e04569f261955346988053d3a0c895860bd672d8fb1ed438
start_03_production_030ps,3,production,30,3,0.8114120364189148,8.848812255242485,0.04287049036241814,1.4592114364613,1.0348053088400573,0.7378464440057054,0.5,results/2mi1_reduced_capped_ph75_20260924/start_03/production_030ps.pdb,eb98ce886ed085e2707396aa8db7583bcda70637818b0bafce433f26c864f18d
start_03_production_030ps,3,production,30,14,0.975641667842865,9.678034264269414,0.006593148938607889,3.6902214013538654,2.8512042692191586,0.9453808996169537,0.5,results/2mi1_reduced_capped_ph75_20260924/start_03/production_030ps.pdb,eb98ce886ed085e2707396aa8db7583bcda70637818b0bafce433f26c864f18d
start_03_production_040ps,3,production,40,3,0.8356260657310486,8.618225219394137,0.07077739086541518,1.6260373038492708,1.3169246941522021,0.7886696007463366,0.5,results/2mi1_reduced_capped_ph75_20260924/start_03/production_040ps.pdb,189be3711e9e52b163e145d180f66ff1378f39e43d9797de13f271d5ad22822a
start_03_production_040ps,3,production,40,14,0.9907625317573547,9.684873533198678,0.006490801965790065,4.675207032353823,3.832770265754484,0.9788092136935056,0.5,results/2mi1_reduced_capped_ph75_20260924/start_03/production_040ps.pdb,189be3711e9e52b163e145d180f66ff1378f39e43d9797de13f271d5ad22822a
start_03_production_050ps,3,production,50,3,0.801845908164978,8.662724664957958,0.06432785022832609,1.3978714853360985,1.0665091528571196,0.7439324865786443,0.5,results/2mi1_reduced_capped_ph75_20260924/start_03/production_050ps.pdb,c8f7b5a345c4df9367aab7bea69b6608d9e7e5efb5aca79fbfa4089bb77023d0
start_03_production_050ps,3,production,50,14,0.9863894581794739,9.6032438477843,0.007822499187621512,4.283206638283922,3.4815847143917713,0.9701592323455314,0.5,results/2mi1_reduced_capped_ph75_20260924/start_03/production_050ps.pdb,c8f7b5a345c4df9367aab7bea69b6608d9e7e5efb5aca79fbfa4089bb77023d0
start_03_production_060ps,3,production,60,3,0.8568150997161865,9.763808854741933,0.005417909915579985,1.7890853383417542,0.9071809109707876,0.7124229437222296,0.5,results/2mi1_reduced_capped_ph75_20260924/start_03/production_060ps.pdb,a50315833387f461328ea13d459388626a314c8e79a1e335ca501d28e832eac0
start_03_production_060ps,3,production,60,14,0.9884834885597229,8.721942223374128,0.05659228137723829,4.452390155898536,4.091419044211472,0.9835593174823273,0.5,results/2mi1_reduced_capped_ph75_20260924/start_03/production_060ps.pdb,a50315833387f461328ea13d459388626a314c8e79a1e335ca501d28e832eac0
start_03_production_070ps,3,production,70,3,0.7806763052940369,8.915680830435187,0.0369789806938148,1.269611905493206,0.8117714902756124,0.6924868696176836,0.5,results/2mi1_reduced_capped_ph75_20260924/start_03/production_070ps.pdb,de80dcdc5ac22fd49c9d579e6a5b5e51055183a8b46725acf735f18a40805d7a
start_03_production_070ps,3,production,70,14,0.9879945516586304,9.495520332120298,0.010002618697572027,4.410316608021366,3.6625564419612164,0.9749754864459235,0.5,results/2mi1_reduced_capped_ph75_20260924/start_03/production_070ps.pdb,de80dcdc5ac22fd49c9d579e6a5b5e51055183a8b46725acf735f18a40805d7a
start_03_production_080ps,3,production,80,3,0.854426383972168,9.36791326072184,0.013373330875438487,1.7697484371041183,1.0857918067431982,0.7475884634046243,0.5,results/2mi1_reduced_capped_ph75_20260924/start_03/production_080ps.pdb,b721478379fa045c10e1115896784b5222b4ee58f6869d5cd120ceb65552ca2e
start_03_production_080ps,3,production,80,14,0.989676296710968,9.00809806820417,0.03010419461363169,4.562935375121998,4.058886341019913,0.9830248909058893,0.5,results/2mi1_reduced_capped_ph75_20260924/start_03/production_080ps.pdb,b721478379fa045c10e1115896784b5222b4ee58f6869d5cd120ceb65552ca2e
start_03_production_090ps,3,production,90,3,0.8054578900337219,9.815251786757022,0.004815615085704054,1.4207622798965804,0.5131363865180694,0.6255414283900302,0.5,results/2mi1_reduced_capped_ph75_20260924/start_03/production_090ps.pdb,f67518d1e3b5e34838d93802e493703c1bd390eb685e43c15685fb1a634a8a8f
start_03_production_090ps,3,production,90,14,0.9862784743309021,8.77835787902043,0.05004329896355765,4.274972926567747,3.885793987057532,0.9798815420067941,0.5,results/2mi1_reduced_capped_ph75_20260924/start_03/production_090ps.pdb,f67518d1e3b5e34838d93802e493703c1bd390eb685e43c15685fb1a634a8a8f
start_03_production_100ps,3,production,100,3,0.942221462726593,8.840542154783744,0.04365869584276988,2.7916229661114134,2.3713518887195413,0.914616493024817,0.5,results/2mi1_reduced_capped_ph75_20260924/start_03/production_100ps.pdb,039b3628ed967b28dce3b9874d86dd892787cdd6c8916062df7ab022605862a0
start_03_production_100ps,3,production,100,14,0.992664098739624,9.104742406813362,0.024243703046202356,4.907612062411076,4.355240859004395,0.987323412364672,0.5,results/2mi1_reduced_capped_ph75_20260924/start_03/production_100ps.pdb,039b3628ed967b28dce3b9874d86dd892787cdd6c8916062df7ab022605862a0
start_03_production_110ps,3,production,110,3,0.8465616106987,9.024507156837831,0.02902037109890623,1.707883867968023,1.1956302895491073,0.7677465243506728,0.5,results/2mi1_reduced_capped_ph75_20260924/start_03/production_110ps.pdb,bda80450528ef36377afe9ea4911feff5cd554bd01918cf17cdf70cdbed2bb49
start_03_production_110ps,3,production,110,14,0.9960179924964905,9.33586664244837,0.014382740915939881,5.521979232179729,4.854045910955544,0.9922635506878906,0.5,results/2mi1_reduced_capped_ph75_20260924/start_03/production_110ps.pdb,bda80450528ef36377afe9ea4911feff5cd554bd01918cf17cdf70cdbed2bb49
start_03_production_120ps,3,production,120,3,0.8279724717140198,8.919508647104735,0.03666638285771399,1.5713253949289627,1.1115710713765954,0.752421891673585,0.5,results/2mi1_reduced_capped_ph75_20260924/start_03/production_120ps.pdb,93a5e7ecfda0962d0a9303c785bfc63a566a869c256657c0bf058f8e74116e0b
start_03_production_120ps,3,production,120,14,0.9898567199707031,9.531130705779148,0.009222431952751273,4.5807487852061675,3.8151834323165934,0.9784413439689098,0.5,results/2mi1_reduced_capped_ph75_20260924/start_03/production_120ps.pdb,93a5e7ecfda0962d0a9303c785bfc63a566a869c256657c0bf058f8e74116e0b
start_04_minimized_000ps,4,minimized,0,3,0.965043306350708,9.911846265617745,0.0038589979759616685,3.3180630063136785,2.362139873504806,0.9138943445067541,0.5,results/2mi1_reduced_capped_ph75_20260924/start_04/minimized_000ps.pdb,a2dc973faf8b01b64c4d04685d7d5b9a34e346364083b2c988690a0041296674
start_04_minimized_000ps,4,minimized,0,14,0.9770103693008423,8.705644469190654,0.05862949045601227,3.749453990292155,3.396631755696828,0.9675991033635969,0.5,results/2mi1_reduced_capped_ph75_20260924/start_04/minimized_000ps.pdb,a2dc973faf8b01b64c4d04685d7d5b9a34e346364083b2c988690a0041296674
start_04_equilibrated_020ps,4,equilibrated,20,3,0.9885765910148621,8.451617832868557,0.10054523510390351,4.460601451902901,4.234792535468623,0.985723942930697,0.5,results/2mi1_reduced_capped_ph75_20260924/start_04/equilibrated_020ps.pdb,afe28681421f372b9c8334ff4f5434309e98764996dfc922eccdc7f477ec4ce7
start_04_equilibrated_020ps,4,equilibrated,20,14,0.9969822764396667,9.201713004607248,0.019486796137034235,5.800230233736164,5.19937373143254,0.9945102829958828,0.5,results/2mi1_reduced_capped_ph75_20260924/start_04/equilibrated_020ps.pdb,afe28681421f372b9c8334ff4f5434309e98764996dfc922eccdc7f477ec4ce7
start_04_production_030ps,4,production,30,3,0.9324359893798828,8.454120402449984,0.10002530740202908,2.624725051061096,2.397664849836104,0.9166490632225835,0.5,results/2mi1_reduced_capped_ph75_20260924/start_04/production_030ps.pdb,35626e0a3885274144ab8d441f4fbf8a8f8a40f9077e3fec97e75b4f328c9c2b
start_04_production_030ps,4,production,30,14,0.9967775940895081,9.143616097146008,0.0222140475147533,5.7343994122111495,5.162591363638145,0.9943057698303045,0.5,results/2mi1_reduced_capped_ph75_20260924/start_04/production_030ps.pdb,35626e0a3885274144ab8d441f4fbf8a8f8a40f9077e3fec97e75b4f328c9c2b
start_04_production_040ps,4,production,40,3,0.9484069347381592,8.45595749464073,0.0996451600097214,2.9113963968984673,2.6834176495781024,0.9360410373405841,0.5,results/2mi1_reduced_capped_ph75_20260924/start_04/production_040ps.pdb,827bf44d6e9f8ca65d8596418d84a9ff9bc4e2899c47bb913af34112a08dfcc4
start_04_production_040ps,4,production,40,14,0.9968860745429993,8.569881166909965,0.07845745614139799,5.768752360067252,5.483811776612269,0.995863712539649,0.5,results/2mi1_reduced_capped_ph75_20260924/start_04/production_040ps.pdb,827bf44d6e9f8ca65d8596418d84a9ff9bc4e2899c47bb913af34112a08dfcc4
start_04_production_050ps,4,production,50,3,0.9543161392211914,8.455107744269656,0.09982083792143968,3.039249919683363,2.8116960475485353,0.9433045938016558,0.5,results/2mi1_reduced_capped_ph75_20260924/start_04/production_050ps.pdb,939607f9fe75a9dc6976bcac584b5040d4b0244cb654340b9aa4eff286cbe92e
start_04_production_050ps,4,production,50,14,0.9959098100662231,8.762553146558265,0.05180192771078316,5.495065293789438,5.113788720510306,0.9940226859664607,0.5,results/2mi1_reduced_capped_ph75_20260924/start_04/production_050ps.pdb,939607f9fe75a9dc6976bcac584b5040d4b0244cb654340b9aa4eff286cbe92e
start_04_production_060ps,4,production,60,3,0.9469748139381409,8.417463121199285,0.10788425860141158,2.8825054878116028,2.6737739272119603,0.9354612513679246,0.5,results/2mi1_reduced_capped_ph75_20260924/start_04/production_060ps.pdb,de2dff26116196639b9f8d3a491529d8644d0c3a48a79995f62a1c4393040713
start_04_production_060ps,4,production,60,14,0.9973426461219788,9.186987348010385,0.02014532694839014,5.927763543101683,5.334269869096491,0.9951997232390039,0.5,results/2mi1_reduced_capped_ph75_20260924/start_04/production_060ps.pdb,de2dff26116196639b9f8d3a491529d8644d0c3a48a79995f62a1c4393040713
start_04_production_070ps,4,production,70,3,0.9691042304039001,8.4910455774348,0.09262751794555263,3.4457529027662863,3.2002301140488862,0.9608429358837135,0.5,results/2mi1_reduced_capped_ph75_20260924/start_04/production_070ps.pdb,25b779b50545b7efc14074e867f8f1e88452584a6db760b64399ed4f78ecdc76
start_04_production_070ps,4,production,70,14,0.99620121717453,9.168446109917884,0.02100555295680296,5.569268556120296,4.985045501161354,0.9932069937243115,0.5,results/2mi1_reduced_capped_ph75_20260924/start_04/production_070ps.pdb,25b779b50545b7efc14074e867f8f1e88452584a6db760b64399ed4f78ecdc76
start_04_production_080ps,4,production,80,3,0.977970540523529,8.479495348068268,0.09488714606499445,3.7930989226972316,3.553351248663098,0.9721682450706592,0.5,results/2mi1_reduced_capped_ph75_20260924/start_04/production_080ps.pdb,0ac5453342fef3ad36da29f31d70cc09cbc68d06ef344683261e315b8fcc1c06
start_04_production_080ps,4,production,80,14,0.9964621663093567,9.168286600974472,0.021013107209002235,5.640696584327365,5.056553283840129,0.9936728195319767,0.5,results/2mi1_reduced_capped_ph75_20260924/start_04/production_080ps.pdb,0ac5453342fef3ad36da29f31d70cc09cbc68d06ef344683261e315b8fcc1c06
start_04_production_090ps,4,production,90,3,0.9761130213737488,9.061706182688537,0.0267017520582916,3.7102448971849724,3.179391805840704,0.9600513466490054,0.5,results/2mi1_reduced_capped_ph75_20260924/start_04/production_090ps.pdb,a523268003a546ef3cf9e576fbb3f8271d5aa20bcce3941a3f0a19a760ac6b77
start_04_production_090ps,4,production,90,14,0.9948739409446716,9.230680094598515,0.01825239075448123,5.268278887996033,4.652938840696775,0.9905564869829001,0.5,results/2mi1_reduced_capped_ph75_20260924/start_04/production_090ps.pdb,a523268003a546ef3cf9e576fbb3f8271d5aa20bcce3941a3f0a19a760ac6b77
start_04_production_100ps,4,production,100,3,0.9529756307601929,8.993105985115724,0.031128639044970555,3.0089233704444305,2.5123703778865685,0.9250044921789095,0.5,results/2mi1_reduced_capped_ph75_20260924/start_04/production_100ps.pdb,8b5a970286f9b40f6f9b226ad21590b8404471d9ab2269a82a48a50c6068c33d
start_04_production_100ps,4,production,100,14,0.9957017302513123,9.163972800601353,0.02121841738864737,5.445235187420818,4.863248787120141,0.9923338783587398,0.5,results/2mi1_reduced_capped_ph75_20260924/start_04/production_100ps.pdb,8b5a970286f9b40f6f9b226ad21590b8404471d9ab2269a82a48a50c6068c33d
start_04_production_110ps,4,production,110,3,0.8815774321556091,8.418009539656856,0.10776322496826972,2.0074535282558537,1.7984487584274258,0.8579599985556261,0.5,results/2mi1_reduced_capped_ph75_20260924/start_04/production_110ps.pdb,8d5c2264a55afe3ffdaa3c920bcada1dc9cf43e63ee79f2d06a0651cc2a0aad4
start_04_production_110ps,4,production,110,14,0.9969327449798584,9.250654141825242,0.017446253322616657,5.783900278914983,5.158573208002362,0.9942829745677451,0.5,results/2mi1_reduced_capped_ph75_20260924/start_04/production_110ps.pdb,8d5c2264a55afe3ffdaa3c920bcada1dc9cf43e63ee79f2d06a0651cc2a0aad4
start_04_production_120ps,4,production,120,3,0.9389076232910156,9.173400540801927,0.02077223270256013,2.7323300056706272,2.145629735269664,0.8952596854253645,0.5,results/2mi1_reduced_capped_ph75_20260924/start_04/production_120ps.pdb,fdd73b7d1a6330b30e635eeb64a83407c4ed66696a5dd87b401a6165e4a7e768
start_04_production_120ps,4,production,120,14,0.9953287839889526,9.13235909033864,0.022784077248259586,5.361653693156027,4.795474147986707,0.9918007061227737,0.5,results/2mi1_reduced_capped_ph75_20260924/start_04/production_120ps.pdb,fdd73b7d1a6330b30e635eeb64a83407c4ed66696a5dd87b401a6165e4a7e768
start_05_minimized_000ps,5,minimized,0,3,0.8088144063949585,9.59648200045472,0.007944271332580072,1.4423248290840687,0.6440838288567083,0.6556760313650515,0.5,results/2mi1_reduced_capped_ph75_20260924/start_05/minimized_000ps.pdb,a5765cb8939709ab5843284acb10d0e8c4535bacb1765e6286e33673d02ad414
start_05_minimized_000ps,5,minimized,0,14,0.9613458514213562,8.958781606944093,0.0336026944903921,3.2136801248752325,2.734289321403186,0.9390199132332478,0.5,results/2mi1_reduced_capped_ph75_20260924/start_05/minimized_000ps.pdb,a5765cb8939709ab5843284acb10d0e8c4535bacb1765e6286e33673d02ad414
start_05_equilibrated_020ps,5,equilibrated,20,3,0.8472694158554077,9.130339146989797,0.022887863802431848,1.7133432452854649,1.1481736717905662,0.7591771725568703,0.5,results/2mi1_reduced_capped_ph75_20260924/start_05/equilibrated_020ps.pdb,dd30fb6ea5d5ca19d6eda43ef102ee51f53998d2432060f095d593ba2a94c745
start_05_equilibrated_020ps,5,equilibrated,20,14,0.9606466889381409,9.447419788196258,0.011161068369770214,3.195026576774579,2.47131668267645,0.9221063897552277,0.5,results/2mi1_reduced_capped_ph75_20260924/start_05/equilibrated_020ps.pdb,dd30fb6ea5d5ca19d6eda43ef102ee51f53998d2432060f095d593ba2a94c745
start_05_production_030ps,5,production,30,3,0.8529378771781921,9.4268134041583,0.01169705908224558,1.7578316144723514,1.044424912393201,0.7397028931158431,0.5,results/2mi1_reduced_capped_ph75_20260924/start_05/production_030ps.pdb,e269f5216bbc93a96517ced69d444e0c2f2ac68f710bb86be1bf582220fb2cd1
start_05_production_030ps,5,production,30,14,0.9516997337341309,9.053603200369745,0.027190951250161913,2.980812505904808,2.4540109057199357,0.9208542662714511,0.5,results/2mi1_reduced_capped_ph75_20260924/start_05/production_030ps.pdb,e269f5216bbc93a96517ced69d444e0c2f2ac68f710bb86be1bf582220fb2cd1
start_05_production_040ps,5,production,40,3,0.8514871597290039,9.325801165427016,0.014715014664541401,1.7463129994228157,1.0834124167093075,0.7471392081689803,0.5,results/2mi1_reduced_capped_ph75_20260924/start_05/production_040ps.pdb,0f9da0ce5bf261cb37793043bb94fec26bc13dc115e3f6847159b0c4cfa8a406
start_05_production_040ps,5,production,40,14,0.9644711017608643,9.19645505085616,0.01971947390907677,3.301233469770939,2.7030059443428587,0.9372037850028746,0.5,results/2mi1_reduced_capped_ph75_20260924/start_05/production_040ps.pdb,0f9da0ce5bf261cb37793043bb94fec26bc13dc115e3f6847159b0c4cfa8a406
start_05_production_050ps,5,production,50,3,0.8817359805107117,8.945640997231868,0.034599246143082574,2.0089730909769523,1.5361525923610184,0.8229047291487678,0.5,results/2mi1_reduced_capped_ph75_20260924/start_05/production_050ps.pdb,afdd3c2bc628c66e06157283a8fc524c7a3b241340f33e55950f71131222ca19
start_05_production_050ps,5,production,50,14,0.974968433380127,9.580502900455249,0.008239557362422302,3.6622674012810226,2.872015951053398,0.9464456211200473,0.5,results/2mi1_reduced_capped_ph75_20260924/start_05/production_050ps.pdb,afdd3c2bc628c66e06157283a8fc524c7a3b241340f33e55950f71131222ca19
start_05_production_060ps,5,production,60,3,0.9322848916053772,9.721680262586771,0.0059665152035454595,2.6223291238102187,1.761488992516833,0.8533960479323294,0.5,results/2mi1_reduced_capped_ph75_20260924/start_05/production_060ps.pdb,67b99ba24bd35356157d41c50d485bd31a1b7d6af35dc36bcc469adc4e3aeefe
start_05_production_060ps,5,production,60,14,0.9960162043571472,8.714311122516198,0.057537745790922995,5.521528482945056,5.164372921686957,0.9943158477885362,0.5,results/2mi1_reduced_capped_ph75_20260924/start_05/production_060ps.pdb,67b99ba24bd35356157d41c50d485bd31a1b7d6af35dc36bcc469adc4e3aeefe
start_05_production_070ps,5,production,70,3,0.803536057472229,9.432488980552638,0.011546944218424683,1.4085431437956386,0.6922986535193199,0.6664780784430306,0.5,results/2mi1_reduced_capped_ph75_20260924/start_05/production_070ps.pdb,fdd00dbbe6ef8a429503a4098d7b18e4880691a2060b6180b836c8609a0c3bad
start_05_production_070ps,5,production,70,14,0.9903869032859802,9.059966318878049,0.026806065510450106,4.634969268395538,4.104986108956513,0.9837772689531135,0.5,results/2mi1_reduced_capped_ph75_20260924/start_05/production_070ps.pdb,fdd00dbbe6ef8a429503a4098d7b18e4880691a2060b6180b836c8609a0c3bad
start_05_production_080ps,5,production,80,3,0.8661054372787476,9.486862001646589,0.01020198258693098,1.8669540083434073,1.1235230075201128,0.7546416132793053,0.5,results/2mi1_reduced_capped_ph75_20260924/start_05/production_080ps.pdb,be82b2410332176916e03d93ead57cbd34477a07f49d0c27513a83abf676eb48
start_05_production_080ps,5,production,80,14,0.9725454449653625,9.054287800282749,0.027149285339643437,3.5673847109221044,3.04024081078073,0.9543593195050734,0.5,results/2mi1_reduced_capped_ph75_20260924/start_05/production_080ps.pdb,be82b2410332176916e03d93ead57cbd34477a07f49d0c27513a83abf676eb48
start_05_production_090ps,5,production,90,3,0.9098252654075623,9.836879288760754,0.004582746929700826,2.3115032815024676,1.3930636371220908,0.8010808849902493,0.5,results/2mi1_reduced_capped_ph75_20260924/start_05/production_090ps.pdb,39b5e7da55717508ec307ce53c9922cd4928413f79ba5e120ae0163ed2824e12
start_05_production_090ps,5,production,90,14,0.9805849194526672,8.706550552535377,0.058514447335565795,3.9220991383093,3.568823862041611,0.9725838453337418,0.5,results/2mi1_reduced_capped_ph75_20260924/start_05/production_090ps.pdb,39b5e7da55717508ec307ce53c9922cd4928413f79ba5e120ae0163ed2824e12
start_05_production_100ps,5,production,100,3,0.9411028623580933,8.46749887012381,0.09728619421105685,2.7712599527976405,2.5375105177357353,0.9267299663821421,0.5,results/2mi1_reduced_capped_ph75_20260924/start_05/production_100ps.pdb,24625b022650e0aad086aded2a1c5635a19ad0257bfaa1c2de4d146e7d802a55
start_05_production_100ps,5,production,100,14,0.9876484870910645,9.838296222258556,0.004567887764740469,4.381548293826882,3.4624001826976043,0.969598796649188,0.5,results/2mi1_reduced_capped_ph75_20260924/start_05/production_100ps.pdb,24625b022650e0aad086aded2a1c5635a19ad0257bfaa1c2de4d146e7d802a55
start_05_production_110ps,5,production,110,3,0.9193664193153381,9.3802201713294,0.013004539670281805,2.4337695615909674,1.7436594759262674,0.8511512906400259,0.5,results/2mi1_reduced_capped_ph75_20260924/start_05/production_110ps.pdb,8e69f48c36c049e19b5517cfbd4ff7b3d89d5e3e697ddbe160c479e600a39831
start_05_production_110ps,5,production,110,14,0.9922246932983398,9.062149942702103,0.026675209698157364,4.848996682531338,4.317921711180286,0.9868477342381425,0.5,results/2mi1_reduced_capped_ph75_20260924/start_05/production_110ps.pdb,8e69f48c36c049e19b5517cfbd4ff7b3d89d5e3e697ddbe160c479e600a39831
start_05_production_120ps,5,production,120,3,0.9224452376365662,9.781291688178626,0.005205252427769021,2.4760437131887656,1.5853978690994524,0.8299676299658877,0.5,results/2mi1_reduced_capped_ph75_20260924/start_05/production_120ps.pdb,63f8e1007d41357013d66cc58327b0024f63c813a5d7c9941a4c92d803dbb750
start_05_production_120ps,5,production,120,14,0.9881258010864258,8.685662431625783,0.061221068188595795,4.421442130941415,4.0786109151285235,0.9833509172089449,0.5,results/2mi1_reduced_capped_ph75_20260924/start_05/production_120ps.pdb,63f8e1007d41357013d66cc58327b0024f63c813a5d7c9941a4c92d803dbb750
start_06_minimized_000ps,6,minimized,0,3,0.9323251843452454,8.670558506089744,0.06325063654733624,2.6229675525540976,2.2876882995092256,0.9078522434345077,0.5,results/2mi1_reduced_capped_ph75_20260924/start_06/minimized_000ps.pdb,1db732c89503b872df600e918f1a05201e821493781078fc8da15bfdb8a814fc
start_06_minimized_000ps,6,minimized,0,14,0.9891201257705688,9.22419868966823,0.0185217488388776,4.509901104531697,3.8978017596975825,0.9801169006648848,0.5,results/2mi1_reduced_capped_ph75_20260924/start_06/minimized_000ps.pdb,1db732c89503b872df600e918f1a05201e821493781078fc8da15bfdb8a814fc
start_06_equilibrated_020ps,6,equilibrated,20,3,0.9845007658004761,9.121832133586262,0.023330051179921627,4.151344059713808,3.5904279929206773,0.9731540648936536,0.5,results/2mi1_reduced_capped_ph75_20260924/start_06/equilibrated_020ps.pdb,d31755d7813c1535b9d62f36dcee30da5d577648df1e72e80c6a22fbc51261cc
start_06_equilibrated_020ps,6,equilibrated,20,14,0.9972372055053711,9.20428723452114,0.019373863245391535,5.888745995374118,5.286602378113549,0.9949665444575299,0.5,results/2mi1_reduced_capped_ph75_20260924/start_06/equilibrated_020ps.pdb,d31755d7813c1535b9d62f36dcee30da5d577648df1e72e80c6a22fbc51261cc
start_06_production_030ps,6,production,30,3,0.9313697814941406,9.280409338731062,0.01630981368777523,2.607923445105855,1.967718775740324,0.8773658760830629,0.5,results/2mi1_reduced_capped_ph75_20260924/start_06/production_030ps.pdb,279e124417bf3af2f33c9f0f2401e0940b2f86ce1d8de4d8f06be97ad5a1102f
start_06_production_030ps,6,production,30,14,0.9955452680587769,9.198288227436592,0.019638043709868058,5.409323706364079,4.810179592645783,0.9919194309860132,0.5,results/2mi1_reduced_capped_ph75_20260924/start_06/production_030ps.pdb,279e124417bf3af2f33c9f0f2401e0940b2f86ce1d8de4d8f06be97ad5a1102f
start_06_production_040ps,6,production,40,3,0.836100161075592,8.715373622219046,0.05740522279766215,1.629492912825294,1.2718061017157711,0.7810517659707431,0.5,results/2mi1_reduced_capped_ph75_20260924/start_06/production_040ps.pdb,8656eedbcff5b4524aa22dc2df26490a532af3a1b7257a2a33c7ee80e61f963d
start_06_production_040ps,6,production,40,14,0.9947123527526855,9.099168696068665,0.024549163007782742,5.23708021047587,4.687495862441538,0.9908743251974498,0.5,results/2mi1_reduced_capped_ph75_20260924/start_06/production_040ps.pdb,8656eedbcff5b4524aa22dc2df26490a532af3a1b7257a2a33c7ee80e61f963d
start_06_production_050ps,6,production,50,3,0.8105416893959045,9.243754627074257,0.017720679626254413,1.4535337729844346,0.8316564594473064,0.6967050655004492,0.5,results/2mi1_reduced_capped_ph75_20260924/start_06/production_050ps.pdb,a64d5bdd269b149037da04073f952683f2d0fca4cef99a39cf743553e9822711
start_06_production_050ps,6,production,50,14,0.996796190738678,9.213665838070899,0.018967819816205694,5.7402058305243395,5.13337291148889,0.9941379284580929,0.5,results/2mi1_reduced_capped_ph75_20260924/start_06/production_050ps.pdb,a64d5bdd269b149037da04073f952683f2d0fca4cef99a39cf743553e9822711
start_06_production_060ps,6,production,60,3,0.9500752687454224,8.67727687055856,0.06234023166042176,2.946024715409906,2.6073862801306262,0.9313354378918074,0.5,results/2mi1_reduced_capped_ph75_20260924/start_06/production_060ps.pdb,96e3f4f39e346330f32a885dd37513bf4af323ec726e16921a5d7fb8822ad75b
start_06_production_060ps,6,production,60,14,0.9972353577613831,9.345366812461663,0.014075915894617404,5.888075570747761,5.215392164516929,0.9945970477696653,0.5,results/2mi1_reduced_capped_ph75_20260924/start_06/production_060ps.pdb,96e3f4f39e346330f32a885dd37513bf4af323ec726e16921a5d7fb8822ad75b
start_06_production_070ps,6,production,70,3,0.9638104438781738,9.232402349133064,0.01818146513019446,3.282124068009961,2.6659228934434287,0.9349856333823146,0.5,results/2mi1_reduced_capped_ph75_20260924/start_06/production_070ps.pdb,b66fcba2b36d0d52090482e97c4d1414891ef1480a06a3f9ce49d91ecfc12db2
start_06_production_070ps,6,production,70,14,0.9962928891181946,9.52344602082853,0.009385526669461393,5.593788444548048,4.832065434133783,0.9920929766573993,0.5,results/2mi1_reduced_capped_ph75_20260924/start_06/production_070ps.pdb,b66fcba2b36d0d52090482e97c4d1414891ef1480a06a3f9ce49d91ecfc12db2
start_06_production_080ps,6,production,80,3,0.9385149478912354,9.160667002072188,0.02137707992397968,2.7255046932000386,2.1451711921639447,0.8952166801450483,0.5,results/2mi1_reduced_capped_ph75_20260924/start_06/production_080ps.pdb,d7de62c250752daa9150143bcb6ed1532d47877f83b3b6ddbb6cede5af3b5304
start_06_production_080ps,6,production,80,14,0.9941731095314026,9.129443260132385,0.022934042961176848,5.139427855187614,4.574706225121421,0.9897958703582754,0.5,results/2mi1_reduced_capped_ph75_20260924/start_06/production_080ps.pdb,d7de62c250752daa9150143bcb6ed1532d47877f83b3b6ddbb6cede5af3b5304
start_06_production_090ps,6,production,90,3,0.9114730358123779,8.954069258795698,0.033956840208426736,2.3317548257731797,1.8547201963753306,0.8646803561732357,0.5,results/2mi1_reduced_capped_ph75_20260924/start_06/production_090ps.pdb,18d2cd662ab8b08d04db48afc4c5e90f8fd32731e2787757b3630814ee789d1b
start_06_production_090ps,6,production,90,14,0.9952794313430786,9.415541759917732,0.012000926541016829,5.351094262750498,4.643323382791632,0.9904661152063243,0.5,results/2mi1_reduced_capped_ph75_20260924/start_06/production_090ps.pdb,18d2cd662ab8b08d04db48afc4c5e90f8fd32731e2787757b3630814ee789d1b
start_06_production_100ps,6,production,100,3,0.9806344509124756,9.238646028308777,0.017926599663572504,3.9247040938819993,3.305381079727611,0.9646129527625771,0.5,results/2mi1_reduced_capped_ph75_20260924/start_06/production_100ps.pdb,17990aac3f87d62cdd499c10854d20daef008877c22912591623c875f57aae4e
start_06_production_100ps,6,production,100,14,0.9966073036193848,9.397970129210757,0.012490253746226192,5.682731816609621,4.983746752004243,0.9931982256286411,0.5,results/2mi1_reduced_capped_ph75_20260924/start_06/production_100ps.pdb,17990aac3f87d62cdd499c10854d20daef008877c22912591623c875f57aae4e
start_06_production_110ps,6,production,110,3,0.9520546793937683,9.219991369717219,0.01869868270176544,2.9885612619380333,2.378565577079424,0.9151781504660791,0.5,results/2mi1_reduced_capped_ph75_20260924/start_06/production_110ps.pdb,c97f8c63f3f87ffd0dfb0d6169b4532158bcf50f7fd470671f7063cbfe532973
start_06_production_110ps,6,production,110,14,0.9938312768936157,9.369075119364126,0.013338077870694914,5.082075586156994,4.397538026474931,0.9878420318253867,0.5,results/2mi1_reduced_capped_ph75_20260924/start_06/production_110ps.pdb,c97f8c63f3f87ffd0dfb0d6169b4532158bcf50f7fd470671f7063cbfe532973
start_06_production_120ps,6,production,120,3,0.9209335446357727,9.232737183506602,0.01816770747225817,2.45509917199777,1.838730580244469,0.862798506206914,0.5,results/2mi1_reduced_capped_ph75_20260924/start_06/production_120ps.pdb,a0c24599de03b1a7a541e1e106b4f066e50becf229d4fcc119be88647564e10d
start_06_production_120ps,6,production,120,14,0.9932524561882019,9.204519384787714,0.019363710277888527,4.991806308641266,4.389546616247409,0.9877456786494946,0.5,results/2mi1_reduced_capped_ph75_20260924/start_06/production_120ps.pdb,a0c24599de03b1a7a541e1e106b4f066e50becf229d4fcc119be88647564e10d
start_07_minimized_000ps,7,minimized,0,3,0.8974273800849915,9.786156814462768,0.005147565159109276,2.1689611688386905,1.2758827616073067,0.7817481163812857,0.5,results/2mi1_reduced_capped_ph75_20260924/start_07/minimized_000ps.pdb,a1324ad1704c989c68b544634f7e5c240f9fa76e3e88bb27679f9e26e13ec396
start_07_minimized_000ps,7,minimized,0,14,0.9496514201164246,8.666887517500312,0.063753315502614,2.937124577194888,2.603680818444732,0.9310980955083082,0.5,results/2mi1_reduced_capped_ph75_20260924/start_07/minimized_000ps.pdb,a1324ad1704c989c68b544634f7e5c240f9fa76e3e88bb27679f9e26e13ec396
start_07_equilibrated_020ps,7,equilibrated,20,3,0.9290041327476501,9.152564532218896,0.021770883460711103,2.5714915197682613,1.995209253658813,0.8802931620115438,0.5,results/2mi1_reduced_capped_ph75_20260924/start_07/equilibrated_020ps.pdb,713e211ec981c229af622cfed104adae6c91ea300e2670a823c10f0332c48c4f
start_07_equilibrated_020ps,7,equilibrated,20,14,0.9742704629898071,9.132280842592643,0.022788089118201616,3.634049315867871,3.06790889457155,0.9555494378759418,0.5,results/2mi1_reduced_capped_ph75_20260924/start_07/equilibrated_020ps.pdb,713e211ec981c229af622cfed104adae6c91ea300e2670a823c10f0332c48c4f
start_07_production_030ps,7,production,30,3,0.9563711881637573,8.811112932706308,0.046577120590170454,3.0874283557906117,2.6818718894374576,0.9359484330438372,0.5,results/2mi1_reduced_capped_ph75_20260924/start_07/production_030ps.pdb,b0223b58db67ef5db4c9e5088e575204fd426d6e7fabc16ef52d842b627b7d32
start_07_production_030ps,7,production,30,14,0.9904924035072327,9.817406290639271,0.004791898518295204,4.646111086867873,3.7374079415482377,0.976738241322839,0.5,results/2mi1_reduced_capped_ph75_20260924/start_07/production_030ps.pdb,b0223b58db67ef5db4c9e5088e575204fd426d6e7fabc16ef52d842b627b7d32
start_07_production_040ps,7,production,40,3,0.9797466993331909,9.261680257369811,0.017016335639176667,3.878976292025332,3.2481361633404267,0.9626060805264223,0.5,results/2mi1_reduced_capped_ph75_20260924/start_07/production_040ps.pdb,609becf094f62409170ea972902eed5abc9d40931b6135654471080202cf4e34
start_07_production_040ps,7,production,40,14,0.9916184544563293,9.187166871026621,0.020137168911387674,4.773306080867441,4.17972264535413,0.9849278934305554,0.5,results/2mi1_reduced_capped_ph75_20260924/start_07/production_040ps.pdb,609becf094f62409170ea972902eed5abc9d40931b6135654471080202cf4e34
start_07_production_050ps,7,production,50,3,0.9178193211555481,9.487247423204003,0.010193024937083045,2.4130803294566467,1.669456617854645,0.8415033607624206,0.5,results/2mi1_reduced_capped_ph75_20260924/start_07/production_050ps.pdb,873e2bd1f0a1b376743b3dec5f28a6361edee02661faa02de1d8338011058a0e
start_07_production_050ps,7,production,50,14,0.9703049063682556,8.884702438439042,0.03960477529160656,3.4866285239885264,3.0442773047690053,0.9545348174263041,0.5,results/2mi1_reduced_capped_ph75_20260924/start_07/production_050ps.pdb,873e2bd1f0a1b376743b3dec5f28a6361edee02661faa02de1d8338011058a0e
start_07_production_060ps,7,production,60,3,0.9296399354934692,9.197515809841681,0.01967231445939361,2.581171508367289,1.9824136034464486,0.8789382185585972,0.5,results/2mi1_reduced_capped_ph75_20260924/start_07/production_060ps.pdb,fb7d787422fce1bf6561b378a0b94489b6cfab29406a1283ba54a80c8da0f5c8
start_07_production_060ps,7,production,60,14,0.9832216501235962,9.140325393129714,0.02237922430390264,4.070745220579036,3.5005825240141792,0.9707043392745764,0.5,results/2mi1_reduced_capped_ph75_20260924/start_07/production_060ps.pdb,fb7d787422fce1bf6561b378a0b94489b6cfab29406a1283ba54a80c8da0f5c8
start_07_production_070ps,7,production,70,3,0.9923721551895142,9.219167600737443,0.018733518923681258,4.868292850559805,4.258709050191084,0.9860566216081152,0.5,results/2mi1_reduced_capped_ph75_20260924/start_07/production_070ps.pdb,224f5d796f3e1af3d4f5491c9ec6860e54aa77fa0053ad50d54788094f57cc20
start_07_production_070ps,7,production,70,14,0.9790661931037903,8.911772316437942,0.03730081224924659,3.845233846240588,3.3893476880216173,0.9673699605331465,0.5,results/2mi1_reduced_capped_ph75_20260924/start_07/production_070ps.pdb,224f5d796f3e1af3d4f5491c9ec6860e54aa77fa0053ad50d54788094f57cc20
start_07_production_080ps,7,production,80,3,0.9814648032188416,9.158466295838679,0.02148334613175008,3.9693746995987604,3.390141551679421,0.9673950097982396,0.5,results/2mi1_reduced_capped_ph75_20260924/start_07/production_080ps.pdb,55878af74f243db40f483b77a644f1e77c34b90d9c28ef811f13bd3b2f54b431
start_07_production_080ps,7,production,80,14,0.9314132928848267,8.9017518063317,0.03813825735325046,2.6086043602623654,2.157728457096516,0.896388766728141,0.5,results/2mi1_reduced_capped_ph75_20260924/start_07/production_080ps.pdb,55878af74f243db40f483b77a644f1e77c34b90d9c28ef811f13bd3b2f54b431
start_07_production_090ps,7,production,90,3,0.964834988117218,9.138338011326173,0.022479561496038025,3.311905482272696,2.7427364766096094,0.9395018201419251,0.5,results/2mi1_reduced_capped_ph75_20260924/start_07/production_090ps.pdb,1b3c19b0a7e3d9bacb065c30829b199575e98d957c37e2c34049e04cbb3fff37
start_07_production_090ps,7,production,90,14,0.9910298585891724,9.117035438632879,0.023583044670860625,4.7048432228229125,4.146325503506473,0.9844240011196972,0.5,results/2mi1_reduced_capped_ph75_20260924/start_07/production_090ps.pdb,1b3c19b0a7e3d9bacb065c30829b199575e98d957c37e2c34049e04cbb3fff37
start_07_production_100ps,7,production,100,3,0.9631785154342651,9.132778989707477,0.022762560208645054,3.2641572743616525,2.697767779507914,0.936894797150956,0.5,results/2mi1_reduced_capped_ph75_20260924/start_07/production_100ps.pdb,3b8b4c772afdf68543dbc433e11b96b602d7a19816df53c557acc8151d098388
start_07_production_100ps,7,production,100,14,0.9682460427284241,9.12948165678452,0.022932061912103174,3.417468875304771,2.8527280469125107,0.945459527802712,0.5,results/2mi1_reduced_capped_ph75_20260924/start_07/production_100ps.pdb,3b8b4c772afdf68543dbc433e11b96b602d7a19816df53c557acc8151d098388
start_07_production_110ps,7,production,110,3,0.9160964488983154,9.129713639312437,0.022920096486090214,2.390453714703356,1.8255968950471377,0.8612363557444721,0.5,results/2mi1_reduced_capped_ph75_20260924/start_07/production_110ps.pdb,3bbd0a0484d454bce111620202a62c8a4e6c9ebfb44e208436adb8bac39afd87
start_07_production_110ps,7,production,110,14,0.971622884273529,9.139948243013105,0.02239823182719328,3.5333847139652836,2.963410592458731,0.9508934968479339,0.5,results/2mi1_reduced_capped_ph75_20260924/start_07/production_110ps.pdb,3bbd0a0484d454bce111620202a62c8a4e6c9ebfb44e208436adb8bac39afd87
start_07_production_120ps,7,production,120,3,0.9623094201087952,9.389640224568781,0.012729054088943127,3.2399258485032023,2.5451057362188116,0.9272440247921157,0.5,results/2mi1_reduced_capped_ph75_20260924/start_07/production_120ps.pdb,e043875cf5963e063f9c13a943c5c394640a64b02248441ae74126f580a8e941
start_07_production_120ps,7,production,120,14,0.9665116667747498,8.47845889602632,0.0950923071060092,3.3624962534931697,3.12326680548001,0.9578423405218814,0.5,results/2mi1_reduced_capped_ph75_20260924/start_07/production_120ps.pdb,e043875cf5963e063f9c13a943c5c394640a64b02248441ae74126f580a8e941
start_08_minimized_000ps,8,minimized,0,3,0.8308087587356567,8.056126153850935,0.21746039514920362,1.591369954223399,1.5633068772979317,0.8268273563607892,0.5,results/2mi1_reduced_capped_ph75_20260924/start_08/minimized_000ps.pdb,7bed246fe3c9a13e4c4ec5618fe9311eaa1305cbc6f7b49d3a262377069ce00f
start_08_minimized_000ps,8,minimized,0,14,0.9750412106513977,9.790732837404805,0.005093886478617625,3.6652536987762563,2.7698872800738537,0.9410267314062829,0.5,results/2mi1_reduced_capped_ph75_20260924/start_08/minimized_000ps.pdb,7bed246fe3c9a13e4c4ec5618fe9311eaa1305cbc6f7b49d3a262377069ce00f
start_08_equilibrated_020ps,8,equilibrated,20,3,0.8567029237747192,8.45643698866766,0.0995461505175009,1.788171280345197,1.559952786011367,0.8263465779766455,0.5,results/2mi1_reduced_capped_ph75_20260924/start_08/equilibrated_020ps.pdb,947578bd0b248556f01ea0c5ce44fa68799be897646cc4cfe218a6bcf24a95b0
start_08_equilibrated_020ps,8,equilibrated,20,14,0.9969614148139954,9.450390182066965,0.011085835133425011,5.793320060177384,5.068124969143902,0.9937451583695103,0.5,results/2mi1_reduced_capped_ph75_20260924/start_08/equilibrated_020ps.pdb,947578bd0b248556f01ea0c5ce44fa68799be897646cc4cfe218a6bcf24a95b0
start_08_production_030ps,8,production,30,3,0.7976020574569702,8.825806551096072,0.04509750119202781,1.3713740261437868,0.9584707505957508,0.7228155194685469,0.5,results/2mi1_reduced_capped_ph75_20260924/start_08/production_030ps.pdb,ff3056bdc1a92ce32fc5bd9d48c33c037c01e231aef1e13e4ef7935785a7a6a6
start_08_production_030ps,8,production,30,14,0.9959554672241211,9.145605226524571,0.02211478160817252,5.506336507704813,4.933533894442528,0.9928504731666337,0.5,results/2mi1_reduced_capped_ph75_20260924/start_08/production_030ps.pdb,ff3056bdc1a92ce32fc5bd9d48c33c037c01e231aef1e13e4ef7935785a7a6a6
start_08_production_040ps,8,production,40,3,0.8911483287811279,8.230202992914297,0.15691619056884612,2.1025247471428217,1.9874232506856733,0.8794702630958866,0.5,results/2mi1_reduced_capped_ph75_20260924/start_08/production_040ps.pdb,3bfee764dc36a6aae771afb46a6b0a1008ba2fe7745932b7df06ba8e5b5fb491
start_08_production_040ps,8,production,40,14,0.9973676800727844,9.10279693159896,0.02434989889521549,5.937253929439344,5.385855463639865,0.9954399692998769,0.5,results/2mi1_reduced_capped_ph75_20260924/start_08/production_040ps.pdb,3bfee764dc36a6aae771afb46a6b0a1008ba2fe7745932b7df06ba8e5b5fb491
start_08_production_050ps,8,production,50,3,0.7733072638511658,8.398290423966792,0.11220730767323693,1.2270809495767987,1.0279357375934028,0.736515499834777,0.5,results/2mi1_reduced_capped_ph75_20260924/start_08/production_050ps.pdb,b0e75ee807970383778b4b6b8110c71f07404a4ca05fb6591ef138d7fae6d5d2
start_08_production_050ps,8,production,50,14,0.9958362579345703,9.130545221996888,0.022877254364847267,5.4771686395122865,4.911896028513842,0.9926952291982094,0.5,results/2mi1_reduced_capped_ph75_20260924/start_08/production_050ps.pdb,b0e75ee807970383778b4b6b8110c71f07404a4ca05fb6591ef138d7fae6d5d2
start_08_production_060ps,8,production,60,3,0.8014920949935913,8.473574685369504,0.09606446613219269,1.3956461861914748,1.1588588435067226,0.7611252989268179,0.5,results/2mi1_reduced_capped_ph75_20260924/start_08/production_060ps.pdb,711b48a1f75467202ddeb1d32a9991c1ed595aca9e44ce66b17260b35a213cf8
start_08_production_060ps,8,production,60,14,0.994579553604126,9.160453500605401,0.021387366776315232,5.2121419157410145,4.631915165438314,0.9903577825422334,0.5,results/2mi1_reduced_capped_ph75_20260924/start_08/production_060ps.pdb,711b48a1f75467202ddeb1d32a9991c1ed595aca9e44ce66b17260b35a213cf8
start_08_production_070ps,8,production,70,3,0.9505339860916138,8.544807448708848,0.08273466843310533,2.955738071247583,2.683334346893159,0.9360360499764805,0.5,results/2mi1_reduced_capped_ph75_20260924/start_08/production_070ps.pdb,d2cdf371c732d1e2ed6afbf56e7fd11f7bc5bb151197cddcc461754e91e58799
start_08_production_070ps,8,production,70,14,0.9957984089851379,9.169192252272955,0.020970251358283648,5.468081569861333,4.883485443724855,0.9924863019065748,0.5,results/2mi1_reduced_capped_ph75_20260924/start_08/production_070ps.pdb,d2cdf371c732d1e2ed6afbf56e7fd11f7bc5bb151197cddcc461754e91e58799
start_08_production_080ps,8,production,80,3,0.8541675806045532,8.467969440470107,0.09719107854856694,1.7676692546467727,1.5336845344117194,0.822544766116136,0.5,results/2mi1_reduced_capped_ph75_20260924/start_08/production_080ps.pdb,467e051dc9fb93f6683631ed96a028e6a43b3b1b0ecee77cce90150bed5fa8d5
start_08_production_080ps,8,production,80,14,0.9945691823959351,9.20286428918571,0.019436209110260404,5.210219966615875,4.60878782202302,0.9901344106400096,0.5,results/2mi1_reduced_capped_ph75_20260924/start_08/production_080ps.pdb,467e051dc9fb93f6683631ed96a028e6a43b3b1b0ecee77cce90150bed5fa8d5
start_08_production_090ps,8,production,90,3,0.7988247275352478,8.369443358353756,0.11899652113754232,1.3789650265172417,1.1942433473403637,0.767499124358671,0.5,results/2mi1_reduced_capped_ph75_20260924/start_08/production_090ps.pdb,a1a9f9dca73d29b751f35b84c201ea82c0f38a133169965d62346f24fb1a5f35
start_08_production_090ps,8,production,90,14,0.9919716119766235,9.32724087399562,0.014667028687998882,4.816710726396377,4.153090289398567,0.9845273890017842,0.5,results/2mi1_reduced_capped_ph75_20260924/start_08/production_090ps.pdb,a1a9f9dca73d29b751f35b84c201ea82c0f38a133169965d62346f24fb1a5f35
start_08_production_100ps,8,production,100,3,0.6893849968910217,8.35789953804922,0.12181147941620378,0.7972456781029573,0.6182959090783477,0.6498308805547393,0.5,results/2mi1_reduced_capped_ph75_20260924/start_08/production_100ps.pdb,be15145c765e8344c04ab3e9b5444d84e6793d6d7639cc07ef730b6f3e565bf1
start_08_production_100ps,8,production,100,14,0.9921878576278687,9.371147544454884,0.013275423997525196,4.844233224317319,4.158659452089878,0.984611996697637,0.5,results/2mi1_reduced_capped_ph75_20260924/start_08/production_100ps.pdb,be15145c765e8344c04ab3e9b5444d84e6793d6d7639cc07ef730b6f3e565bf1
start_08_production_110ps,8,production,110,3,0.8957984447479248,8.44978613930399,0.10092730338098549,2.1513883827601554,1.9264953131081604,0.8728609963549666,0.5,results/2mi1_reduced_capped_ph75_20260924/start_08/production_110ps.pdb,e3bcc5cdebc04a7ee05fe889458efbcace3b357bb8731a8679abbbb369ba93f4
start_08_production_110ps,8,production,110,14,0.995306670665741,9.195341257074267,0.019769110414947992,5.356908691409545,4.759238062872412,0.9915007186749868,0.5,results/2mi1_reduced_capped_ph75_20260924/start_08/production_110ps.pdb,e3bcc5cdebc04a7ee05fe889458efbcace3b357bb8731a8679abbbb369ba93f4
start_08_production_120ps,8,production,120,3,0.6529154181480408,8.527016104485167,0.08589718688011629,0.6318790908038849,0.3683710385613015,0.5910653053561217,0.5,results/2mi1_reduced_capped_ph75_20260924/start_08/production_120ps.pdb,5fb90bcb846020c6ce6aafb4de85e8b521a75623f9702a5acc4b65b7135c674f
start_08_production_120ps,8,production,120,14,0.9927527904510498,9.165270301133031,0.021156458886214556,4.919865175859455,4.337230025292939,0.9870960008530874,0.5,results/2mi1_reduced_capped_ph75_20260924/start_08/production_120ps.pdb,5fb90bcb846020c6ce6aafb4de85e8b521a75623f9702a5acc4b65b7135c674f
start_09_minimized_000ps,9,minimized,0,3,0.8996356725692749,8.40005730252083,0.11180266670126172,2.1931830334637796,1.9931543822033646,0.8800764563250643,0.5,results/2mi1_reduced_capped_ph75_20260924/start_09/minimized_000ps.pdb,cba8b14823405ee5b6a3035ff1bd819a5db9c438de487cd0f75e92edd99fe494
start_09_minimized_000ps,9,minimized,0,14,0.9867932200431824,9.130889279697811,0.022859551814175573,4.313730183161964,3.7482855433130586,0.9769841100546431,0.5,results/2mi1_reduced_capped_ph75_20260924/start_09/minimized_000ps.pdb,cba8b14823405ee5b6a3035ff1bd819a5db9c438de487cd0f75e92edd99fe494
start_09_equilibrated_020ps,9,equilibrated,20,3,0.5865315198898315,9.258195462347816,0.01715107339202162,0.3496451245050609,-0.27945260666884697,0.4305879819344309,0.5,results/2mi1_reduced_capped_ph75_20260924/start_09/equilibrated_020ps.pdb,4951bba9a1747fbe702f920b45d1271896f418dcc9243f3795903dc2a6d3ff7c
start_09_equilibrated_020ps,9,equilibrated,20,14,0.9916375279426575,8.762415235322525,0.05181752762249591,4.775603561267827,4.394395943606565,0.9878042370303075,0.5,results/2mi1_reduced_capped_ph75_20260924/start_09/equilibrated_020ps.pdb,4951bba9a1747fbe702f920b45d1271896f418dcc9243f3795903dc2a6d3ff7c
start_09_production_030ps,9,production,30,3,0.6391674876213074,9.262658409243652,0.016978703234885675,0.5717526329435465,-0.05957657167827968,0.4851102609167425,0.5,results/2mi1_reduced_capped_ph75_20260924/start_09/production_030ps.pdb,b23330205d3f1fd0d65535b0ae627062eb8042000a6c7c92632eb07480d1211f
start_09_production_030ps,9,production,30,14,0.9878673553466797,8.706661273655493,0.05850040387802406,4.3996487079907975,4.046318071163051,0.9828138865704331,0.5,results/2mi1_reduced_capped_ph75_20260924/start_09/production_030ps.pdb,b23330205d3f1fd0d65535b0ae627062eb8042000a6c7c92632eb07480d1211f
start_09_production_040ps,9,production,40,3,0.7356200814247131,9.228981530041384,0.018322606716934028,1.0233266375710397,0.4088358725503476,0.6008087101032809,0.5,results/2mi1_reduced_capped_ph75_20260924/start_09/production_040ps.pdb,cf14dbd0006648719a5e3309b9e2b5e5ba21342dfe27144245f16689e2dcaae4
start_09_production_040ps,9,production,40,14,0.9931507110595703,8.965828378369732,0.03307975431415709,4.976737583433373,4.493823394248507,0.9889457378317474,0.5,results/2mi1_reduced_capped_ph75_20260924/start_09/production_040ps.pdb,cf14dbd0006648719a5e3309b9e2b5e5ba21342dfe27144245f16689e2dcaae4
start_09_production_050ps,9,production,50,3,0.7229231595993042,9.276186441346656,0.016466552846049344,0.9590080666779659,0.3209148460046378,0.5795471909364641,0.5,results/2mi1_reduced_capped_ph75_20260924/start_09/production_050ps.pdb,48d233ca6b4dfcb1c00206fb0a5a4dcd7e323e7d0907240bf517149a530baffe
start_09_production_050ps,9,production,50,14,0.9909274578094482,8.693575717800655,0.06018218552014271,4.693388820179132,4.346600961278805,0.9872148197946148,0.5,results/2mi1_reduced_capped_ph75_20260924/start_09/production_050ps.pdb,48d233ca6b4dfcb1c00206fb0a5a4dcd7e323e7d0907240bf517149a530baffe
start_09_production_060ps,9,production,60,3,0.8795480132102966,9.206483113903548,0.01927803603972281,1.9881569305212028,1.3849153735694286,0.7997792707120224,0.5,results/2mi1_reduced_capped_ph75_20260924/start_09/production_060ps.pdb,a70f92f9b8d217be514452876f1c3e5907b3d6d0e5c80f910004dbad0690b6a8
start_09_production_060ps,9,production,60,14,0.9781986474990845,8.870741487566502,0.04084575839313299,3.8037407562648182,3.3683700124815674,0.966701261868343,0.5,results/2mi1_reduced_capped_ph75_20260924/start_09/production_060ps.pdb,a70f92f9b8d217be514452876f1c3e5907b3d6d0e5c80f910004dbad0690b6a8
start_09_production_070ps,9,production,70,3,0.8400281071662903,8.59920427112461,0.07371256154990717,1.6584372221770378,1.3588350866147332,0.7955703035372679,0.5,results/2mi1_reduced_capped_ph75_20260924/start_09/production_070ps.pdb,ab23fdb7df9cf7437d24b95acc29c463fc390332cd1120865da20a0bc92519db
start_09_production_070ps,9,production,70,14,0.9805001020431519,8.82377489357983,0.045299385281566615,3.9176535171350997,3.5057660703451843,0.9708513868712418,0.5,results/2mi1_reduced_capped_ph75_20260924/start_09/production_070ps.pdb,ab23fdb7df9cf7437d24b95acc29c463fc390332cd1120865da20a0bc92519db
start_09_production_080ps,9,production,80,3,0.8856388330459595,9.27979931458002,0.01633236465366819,2.046947658235463,1.4070480009454531,0.8032999183346693,0.5,results/2mi1_reduced_capped_ph75_20260924/start_09/production_080ps.pdb,a205bfb4ac8b0f310b3c2e64a533bbd42f76de689a7bfa013e71615a24ef692c
start_09_production_080ps,9,production,80,14,0.9907051920890808,8.74049853837166,0.054353827378672545,4.668961049684719,4.298711780498889,0.9865960570749172,0.5,results/2mi1_reduced_capped_ph75_20260924/start_09/production_080ps.pdb,a205bfb4ac8b0f310b3c2e64a533bbd42f76de689a7bfa013e71615a24ef692c
start_09_production_090ps,9,production,90,3,0.9277176856994629,9.25295909776695,0.01735550785408207,2.5521479847483595,1.9256684358648841,0.872769205624852,0.5,results/2mi1_reduced_capped_ph75_20260924/start_09/production_090ps.pdb,3a3d92d6cff3e172166b9fa0533b29aad9bee7e84b1a07495adc4344fdf0e375
start_09_production_090ps,9,production,90,14,0.9885501265525818,8.208361580148813,0.16368481825200978,4.458260673727336,4.35407988365293,0.9873088734988076,0.5,results/2mi1_reduced_capped_ph75_20260924/start_09/production_090ps.pdb,3a3d92d6cff3e172166b9fa0533b29aad9bee7e84b1a07495adc4344fdf0e375
start_09_production_100ps,9,production,100,3,0.8889933824539185,8.96366677372986,0.03323932549342677,2.080499974609788,1.5986665877448578,0.8318319398659993,0.5,results/2mi1_reduced_capped_ph75_20260924/start_09/production_100ps.pdb,f67f1011955dba1542f70d91484e0e673767b00bd0cad2eb844100fb20077be4
start_09_production_100ps,9,production,100,14,0.9625998139381409,8.969516595009122,0.0328091942189575,3.247962084253919,2.7632037867493584,0.9406547330051079,0.5,results/2mi1_reduced_capped_ph75_20260924/start_09/production_100ps.pdb,f67f1011955dba1542f70d91484e0e673767b00bd0cad2eb844100fb20077be4
start_09_production_110ps,9,production,110,3,0.883379340171814,9.25995873087184,0.017082767044636273,2.024828268457906,1.3948489030219857,0.8013652147427728,0.5,results/2mi1_reduced_capped_ph75_20260924/start_09/production_110ps.pdb,d879503b2334271f905a4cfcf12a5042a2f4292e728d5d8ce41b8849160f962a
start_09_production_110ps,9,production,110,14,0.9860230684280396,8.2742774738843,0.14395283420063568,4.256271524569957,4.119132787627807,0.9840015052585052,0.5,results/2mi1_reduced_capped_ph75_20260924/start_09/production_110ps.pdb,d879503b2334271f905a4cfcf12a5042a2f4292e728d5d8ce41b8849160f962a
start_09_production_120ps,9,production,120,3,0.9325907230377197,9.242102230146344,0.01778702987673078,2.627183788069866,2.006132672996694,0.8814394671166784,0.5,results/2mi1_reduced_capped_ph75_20260924/start_09/production_120ps.pdb,52772ed660ee97094f391053edd5910bffb00d7f626736a4f609c02948789d36
start_09_production_120ps,9,production,120,14,0.9812584519386292,9.055454027296259,0.027078449666113696,3.958093001771331,3.4303659881232016,0.9686401870513335,0.5,results/2mi1_reduced_capped_ph75_20260924/start_09/production_120ps.pdb,52772ed660ee97094f391053edd5910bffb00d7f626736a4f609c02948789d36
start_10_minimized_000ps,10,minimized,0,3,0.9700571298599243,8.89276991011635,0.03890422411229569,3.478063729066998,3.031678774008823,0.9539849234532632,0.5,results/2mi1_reduced_capped_ph75_20260924/start_10/minimized_000ps.pdb,0d9130064dec057b38e907ed2d9e1aff494016df61656e8c625c875fdd5793c0
start_10_minimized_000ps,10,minimized,0,14,0.9938220977783203,9.090262257129028,0.025045071838595296,5.08057944704579,4.535448318481276,0.9893916446056502,0.5,results/2mi1_reduced_capped_ph75_20260924/start_10/minimized_000ps.pdb,0d9130064dec057b38e907ed2d9e1aff494016df61656e8c625c875fdd5793c0
start_10_equilibrated_020ps,10,equilibrated,20,3,0.9415681958198547,8.73388551532061,0.05514182188483549,2.7796864449102685,2.4127436872499635,0.9177939256670407,0.5,results/2mi1_reduced_capped_ph75_20260924/start_10/equilibrated_020ps.pdb,1c1a8c305e6e67a75ad5c522b0f0cfee440a7b008f7bd270c17df280d35d0172
start_10_equilibrated_020ps,10,equilibrated,20,14,0.9814910888671875,9.437251104125565,0.011422459720903194,3.970820635612148,3.2521950835493656,0.962751909831426,0.5,results/2mi1_reduced_capped_ph75_20260924/start_10/equilibrated_020ps.pdb,1c1a8c305e6e67a75ad5c522b0f0cfee440a7b008f7bd270c17df280d35d0172
start_10_production_030ps,10,production,30,3,0.9770532846450806,8.255370463946706,0.14940126319497582,3.751366385125004,3.623681153151651,0.9740092767866431,0.5,results/2mi1_reduced_capped_ph75_20260924/start_10/production_030ps.pdb,8c63cc64132f872f0e2ed4e9c83d085778d2653c9fa772def8055313466616b5
start_10_production_030ps,10,production,30,14,0.9721719026565552,9.605860018532692,0.007775883762351107,3.553486437313609,2.750556428047263,0.9399447671013815,0.5,results/2mi1_reduced_capped_ph75_20260924/start_10/production_030ps.pdb,8c63cc64132f872f0e2ed4e9c83d085778d2653c9fa772def8055313466616b5
start_10_production_040ps,10,production,40,3,0.9797075986862183,8.785598107814957,0.049256684176209375,3.87700766200173,3.4842086080942516,0.9702351012065351,0.5,results/2mi1_reduced_capped_ph75_20260924/start_10/production_040ps.pdb,128e0930b64bbf76cc18bc6a0ab4f8ae661cf7ee22a778778130cc16136dfd49
start_10_production_040ps,10,production,40,14,0.9785511493682861,9.244837311577673,0.017677337429716847,3.820401998377653,3.1979833425888167,0.9607583162492992,0.5,results/2mi1_reduced_capped_ph75_20260924/start_10/production_040ps.pdb,128e0930b64bbf76cc18bc6a0ab4f8ae661cf7ee22a778778130cc16136dfd49
start_10_production_050ps,10,production,50,3,0.9848850965499878,8.612347384920415,0.07167269573230198,4.176843740601342,3.8706700481411342,0.9795812191987482,0.5,results/2mi1_reduced_capped_ph75_20260924/start_10/production_050ps.pdb,67c1ccde2b920dcb925e56c09ba02847188bae287e9c7e5456fe39ca46ac4d8e
start_10_production_050ps,10,production,50,14,0.9836474061012268,9.375617362830743,0.013141278544263635,4.096880972701877,3.4090722912865052,0.9679868668793576,0.5,results/2mi1_reduced_capped_ph75_20260924/start_10/production_050ps.pdb,67c1ccde2b920dcb925e56c09ba02847188bae287e9c7e5456fe39ca46ac4d8e
start_10_production_060ps,10,production,60,3,0.9737312197685242,8.72454553952538,0.056273094423201296,3.6127541398729544,3.2504813701102644,0.9626904061605568,0.5,results/2mi1_reduced_capped_ph75_20260924/start_10/production_060ps.pdb,55a4dacb8dc45c1dbb25711afa51acc6f8bcd564929d60759d7a93c42cf51e13
start_10_production_060ps,10,production,60,14,0.9859486818313599,9.726159113577301,0.005905660639701108,4.250888095212986,3.387808538424335,0.9673213418192089,0.5,results/2mi1_reduced_capped_ph75_20260924/start_10/production_060ps.pdb,55a4dacb8dc45c1dbb25711afa51acc6f8bcd564929d60759d7a93c42cf51e13
start_10_production_070ps,10,production,70,3,0.9738871455192566,9.902696561455487,0.003940837917465158,3.6188677279793633,2.6675194472516197,0.9350826165216816,0.5,results/2mi1_reduced_capped_ph75_20260924/start_10/production_070ps.pdb,f399e37f0adc2fb90bc1045e42d738d0b6264536b46a3812af8255a266f073ba
start_10_production_070ps,10,production,70,14,0.9757023453712463,8.586905284369156,0.07566968278665655,3.6927777375410282,3.3993250953564504,0.9676834362067503,0.5,results/2mi1_reduced_capped_ph75_20260924/start_10/production_070ps.pdb,f399e37f0adc2fb90bc1045e42d738d0b6264536b46a3812af8255a266f073ba
start_10_production_080ps,10,production,80,3,0.9776158928871155,9.197664950401247,0.01966569280441787,3.7767656421751994,3.177933166974576,0.9599953662692723,0.5,results/2mi1_reduced_capped_ph75_20260924/start_10/production_080ps.pdb,12ce2b52b10b8f46ace95bf18bc9cb1834e2f6f3058351ec545d1c7996f4cc50
start_10_production_080ps,10,production,80,14,0.9863203167915344,9.17431432124254,0.020729477733426965,4.278069412095233,3.6909122514739625,0.9756580805047964,0.5,results/2mi1_reduced_capped_ph75_20260924/start_10/production_080ps.pdb,12ce2b52b10b8f46ace95bf18bc9cb1834e2f6f3058351ec545d1c7996f4cc50
start_10_production_090ps,10,production,90,3,0.9579335451126099,8.747057222084692,0.05358279979174887,3.1255277801526486,2.7519991691103027,0.9400261561434045,0.5,results/2mi1_reduced_capped_ph75_20260924/start_10/production_090ps.pdb,697938db4cd3990eadd17a27cc594ed83229f7c599bb550629fa98614978e2aa
start_10_production_090ps,10,production,90,14,0.9902220964431763,9.25915329697911,0.017113935104188772,4.617804156984496,3.9882275084949415,0.981804671751826,0.5,results/2mi1_reduced_capped_ph75_20260924/start_10/production_090ps.pdb,697938db4cd3990eadd17a27cc594ed83229f7c599bb550629fa98614978e2aa
start_10_production_100ps,10,production,100,3,0.9527992010116577,8.799060416679014,0.04782514461710914,3.004993359304596,2.605463150965089,0.9312123522183243,0.5,results/2mi1_reduced_capped_ph75_20260924/start_10/production_100ps.pdb,b13e67937140de4717ac59e9b720496a160ee8d3ea3556e5ce6a0b375c468ee9
start_10_production_100ps,10,production,100,14,0.9763708114624023,9.500832178441602,0.009882223671278126,3.7213596937730444,2.9709436045522435,0.9512440588862664,0.5,results/2mi1_reduced_capped_ph75_20260924/start_10/production_100ps.pdb,b13e67937140de4717ac59e9b720496a160ee8d3ea3556e5ce6a0b375c468ee9
start_10_production_110ps,10,production,110,3,0.9640493392944336,9.806402641433884,0.004914256972731391,3.2889950126852883,2.3857936919683462,0.9157375668685274,0.5,results/2mi1_reduced_capped_ph75_20260924/start_10/production_110ps.pdb,88ce874622ce956ac29c98fa246b4ce8c24dcf9c04b9b4a0cd82c62ef1e083bf
start_10_production_110ps,10,production,110,14,0.9607955813407898,8.668096432160029,0.06358736557948068,3.1989722104755223,2.864923994395508,0.9460850157975176,0.5,results/2mi1_reduced_capped_ph75_20260924/start_10/production_110ps.pdb,88ce874622ce956ac29c98fa246b4ce8c24dcf9c04b9b4a0cd82c62ef1e083bf
start_10_production_120ps,10,production,120,3,0.9536388516426086,9.194310261857902,0.019815166078529498,3.02382324895573,2.426668118026779,0.9188384062157363,0.5,results/2mi1_reduced_capped_ph75_20260924/start_10/production_120ps.pdb,0293d8dadcf3d671dd9e04da7ade5136b8f4648b87f1206a38f060cb6f8d6aae
start_10_production_120ps,10,production,120,14,0.9761872887611389,9.087656985499526,0.025191968987291678,3.713434938455356,3.169606445705593,0.9596743569835404,0.5,results/2mi1_reduced_capped_ph75_20260924/start_10/production_120ps.pdb,0293d8dadcf3d671dd9e04da7ade5136b8f4648b87f1206a38f060cb6f8d6aae
