#"Step","Time (ps)","Potential Energy (kJ/mole)","Kinetic Energy (kJ/mole)","Temperature (K)"
1000,2.0000000000000013,-83506.15258673555,13542.925400541,271.54114063366177
2000,3.999999999999781,-80830.26378253801,14743.582252966415,295.6147969209655
3000,5.999999999999561,-80116.75103680853,15035.610901465641,301.47008962663296
4000,7.999999999999341,-80050.42096179351,14785.870685473532,296.4626971241323
5000,10.000000000000009,-80367.56533468957,15132.464612759584,303.41204577432836
6000,12.000000000000677,-80389.2055407801,15026.070957623535,301.27880988788735
7000,14.000000000001345,-80113.34543708654,14837.540464082309,297.49869711709954
8000,16.00000000000201,-80635.01716554345,15081.71437278643,302.39448290351817
9000,18.000000000000902,-80855.70070629404,14643.496341938737,293.60803385921747
10000,19.999999999999794,-80932.53999436653,15010.459804691582,300.96579994739255
11000,21.999999999998685,-80437.20066471578,14805.224044166276,296.85073980613
12000,23.999999999997577,-80632.74975569628,14833.221500608652,297.41210014980436
13000,25.99999999999647,-80440.24916539551,14986.43121601696,300.4840170102833
14000,27.99999999999536,-80731.36834187503,15106.400455649498,302.8894488654622
15000,29.99999999999425,-80453.8331273222,15246.756413516854,305.70364268007995
16000,31.999999999993143,-80637.24049134756,15115.9069061763,303.0800570496675
17000,33.99999999999559,-80518.22685650236,14788.831304245048,296.52205872987275
18000,35.99999999999803,-80656.22030418966,14713.849269994562,295.0186385672987
19000,38.000000000000476,-80320.13929785811,14948.044098991944,299.7143397629883
20000,40.00000000000292,-80855.21408767562,14763.293097834321,296.0100073455958
21000,42.000000000005365,-80349.06593502918,14882.528428735568,298.4007240333997
22000,44.00000000000781,-80180.45769413159,15040.148879479091,301.56107792417566
23000,46.00000000001025,-79942.66204178747,15296.111850894133,306.69323919379656
24000,48.0000000000127,-79839.59104952606,15130.031610293796,303.36326308925953
25000,50.00000000001514,-80478.40276250197,14880.877129408076,298.36761481292825
26000,52.000000000017586,-80656.52147489972,15067.40445020575,302.1075631587057
27000,54.00000000002003,-80073.99902523722,14575.83304763746,292.25135739750806
28000,56.000000000022474,-80089.29555667163,14965.84022619806,300.0711593228315
29000,58.00000000002492,-80601.96306662454,14785.779731003979,296.46087345017133
30000,60.00000000002736,-80688.92615869065,14874.153994654433,298.23281323751934
31000,62.00000000002981,-80074.38045783032,15024.110915199908,301.239510243264
32000,64.00000000003224,-79990.67447585444,15126.750758571721,303.29748068313137
33000,66.00000000002758,-80193.96973289747,14836.058149933397,297.46897611791593
34000,68.00000000002292,-80214.4387654856,14965.75179515699,300.06938624463385
35000,70.00000000001826,-80168.60561688227,14694.931351340318,294.6393266344734
36000,72.0000000000136,-80275.19420054718,15137.672260058462,303.5164612123325
37000,74.00000000000894,-80347.44258220494,14755.178013376702,295.8472966147317
38000,76.00000000000428,-80635.73003450746,15139.513323479125,303.553375279747
39000,77.99999999999962,-80750.48786270537,14658.302586531672,293.9049050614398
40000,79.99999999999496,-80348.70329814084,15088.759514104811,302.5357408409977
41000,81.9999999999903,-80075.96909342782,15034.000189495362,301.4377941991159
42000,83.99999999998563,-80319.57284657157,14928.58198574451,299.3241165081117
43000,85.99999999998097,-80467.89470874699,15017.926251962206,301.11550523988905
44000,87.99999999997631,-80444.98868885153,14896.903451560927,298.6889490644906
45000,89.99999999997165,-80628.330532221,14938.487218425564,299.5227204360598
46000,91.99999999996699,-80389.9580575772,14577.511054014245,292.2850021051371
47000,93.99999999996233,-80542.4237914728,14858.993944034386,297.9288480811236
48000,95.99999999995767,-80254.46677557484,14796.14123441367,296.6686257910677
49000,97.999999999953,-80530.37111147202,14676.710404777,294.27398927442044
50000,99.99999999994834,-80409.04202346248,14871.952843733412,298.18867926984814
51000,101.99999999994368,-80872.15384317265,14931.976936188705,299.39218663984076
52000,103.99999999993902,-80281.57705860637,15249.13137154072,305.7512615505739
53000,105.99999999993436,-80353.56112372456,14927.024069576735,299.2928796578229
54000,107.9999999999297,-80217.90972250071,15055.907382166422,301.8770422869584
55000,109.99999999992504,-80177.39801023656,15286.910014934147,306.5087386550578
56000,111.99999999992038,-80329.1653003773,15292.530312080245,306.6214278896667
57000,113.99999999991572,-80167.92753961054,15026.70432246502,301.2915091095406
58000,115.99999999991105,-80376.13540127192,15026.198032875925,301.28135779817705
59000,117.9999999999064,-80292.28592627862,14793.581325226998,296.61729857483425
60000,119.99999999990173,-80170.05374685343,15118.165213547443,303.1253370273182
